pop_id,lcname,complex_status
0,EPIC-246676629-13-EVEREST-1800,Complex
0,EPIC-246676629-13-K2SFF-1800,Complex
0,TIC-59129133-32-FFI-10min,Complex
0,TIC-59129133-43-SPOC-120,Complex
0,TIC-59129133-44-SPOC-120,Complex
0,TIC-59129133-5-FFI-30min,Complex
0,TIC-59129133-71-FFI-200s,Complex
1,EPIC-246682490-13-EVEREST-1800,Complex
1,EPIC-246682490-13-K2SFF-1800,Double Dip
1,TIC-59091144-32-FFI-10min,Complex
1,TIC-59091144-43-SPOC-120,Complex
1,TIC-59091144-44-SPOC-120,Complex
1,TIC-59091144-5-FFI-30min,Double Dip
1,TIC-59091144-71-FFI-200s,Double Dip
10,EPIC-205267399-2-EVEREST-1800,Complex
10,EPIC-205267399-2-K2SFF-1800,Complex
10,TIC-49815071-91-SPOC-120,Complex
100,TIC-425933644-1-SPOC-120,Complex
100,TIC-425933644-2-SPOC-120,Complex
100,TIC-425933644-28-SPOC-120,Complex
100,TIC-425933644-29-SPOC-120,Complex
100,TIC-425933644-68-SPOC-120,Complex
100,TIC-425933644-69-SPOC-120,Complex
101,TIC-206544316-1-SPOC-120,Complex
101,TIC-206544316-2-SPOC-120,Complex
101,TIC-206544316-28-SPOC-120,Complex
101,TIC-206544316-29-SPOC-120,Complex
101,TIC-206544316-68-SPOC-120,Complex
101,TIC-206544316-69-SPOC-120,Complex
102,TIC-178155030-3-SPOC-120,Complex
102,TIC-178155030-30-SPOC-120,Complex
102,TIC-178155030-31-SPOC-120,Complex
102,TIC-178155030-4-SPOC-120,Complex
103,TIC-141306513-31-SPOC-120,Complex
103,TIC-141306513-4-SPOC-120,Complex
104,TIC-397791443-10-FFI-30min,Double Dip
104,TIC-397791443-11-FFI-30min,Not Complex
104,TIC-397791443-37-SPOC-120,Complex
104,TIC-397791443-38-SPOC-120,Complex
104,TIC-397791443-63-FFI-200s,Complex
104,TIC-397791443-64-FFI-200s,Complex
104,TIC-397791443-65-FFI-200s,Complex
104,TIC-397791443-90-SPOC-120,Complex
105,TIC-177309964-1-SPOC-120,Complex
105,TIC-177309964-10-SPOC-120,Double Dip
105,TIC-177309964-11-SPOC-120,Double Dip
105,TIC-177309964-12-SPOC-120,Complex
105,TIC-177309964-13-SPOC-120,Complex
105,TIC-177309964-2-SPOC-120,Complex
105,TIC-177309964-27-SPOC-120,Double Dip
105,TIC-177309964-28-SPOC-120,Double Dip
105,TIC-177309964-29-SPOC-120,Double Dip
105,TIC-177309964-3-SPOC-120,Double Dip
105,TIC-177309964-30-SPOC-120,Complex
105,TIC-177309964-31-SPOC-120,Complex
105,TIC-177309964-33-SPOC-120,Double Dip
105,TIC-177309964-34-SPOC-120,Double Dip
105,TIC-177309964-35-SPOC-120,Complex
105,TIC-177309964-36-SPOC-120,Complex
105,TIC-177309964-37-SPOC-120,Double Dip
105,TIC-177309964-38-SPOC-120,Complex
105,TIC-177309964-39-SPOC-120,Double Dip
105,TIC-177309964-4-SPOC-120,Double Dip
105,TIC-177309964-5-SPOC-120,Double Dip
105,TIC-177309964-6-SPOC-120,Double Dip
105,TIC-177309964-61-SPOC-120,Double Dip
105,TIC-177309964-62-SPOC-120,Double Dip
105,TIC-177309964-63-SPOC-120,Double Dip
105,TIC-177309964-64-SPOC-120,Double Dip
105,TIC-177309964-65-SPOC-120,Double Dip
105,TIC-177309964-66-SPOC-120,Double Dip
105,TIC-177309964-67-SPOC-120,Double Dip
105,TIC-177309964-68-SPOC-120,Double Dip
105,TIC-177309964-69-SPOC-120,Double Dip
105,TIC-177309964-7-SPOC-120,Complex
105,TIC-177309964-8-SPOC-120,Double Dip
105,TIC-177309964-87-SPOC-120,Complex
105,TIC-177309964-88-SPOC-120,Double Dip
105,TIC-177309964-89-SPOC-120,Double Dip
105,TIC-177309964-9-SPOC-120,Complex
105,TIC-177309964-90-SPOC-120,Complex
105,TIC-177309964-93-FFI-200s,Double Dip
106,TIC-300651846-1-FFI-30min,Complex
106,TIC-300651846-10-FFI-30min,Complex
106,TIC-300651846-11-FFI-30min,Complex
106,TIC-300651846-12-FFI-30min,Complex
106,TIC-300651846-13-FFI-30min,
106,TIC-300651846-2-FFI-30min,Complex
106,TIC-300651846-27-FFI-10min,Complex
106,TIC-300651846-28-FFI-10min,Complex
106,TIC-300651846-29-FFI-10min,Complex
106,TIC-300651846-3-FFI-30min,Complex
106,TIC-300651846-30-FFI-10min,Complex
106,TIC-300651846-31-FFI-10min,Complex
106,TIC-300651846-32-SPOC-120,Complex
106,TIC-300651846-33-SPOC-120,Complex
106,TIC-300651846-34-SPOC-120,Complex
106,TIC-300651846-35-SPOC-120,Complex
106,TIC-300651846-36-SPOC-120,Complex
106,TIC-300651846-37-SPOC-120,Complex
106,TIC-300651846-38-SPOC-120,Complex
106,TIC-300651846-39-SPOC-120,Complex
106,TIC-300651846-4-FFI-30min,Complex
106,TIC-300651846-5-FFI-30min,Complex
106,TIC-300651846-6-FFI-30min,Complex
106,TIC-300651846-61-SPOC-120,Complex
106,TIC-300651846-62-SPOC-120,Complex
106,TIC-300651846-63-SPOC-120,Complex
106,TIC-300651846-64-SPOC-120,Complex
106,TIC-300651846-65-SPOC-120,Complex
106,TIC-300651846-66-SPOC-120,Complex
106,TIC-300651846-68-SPOC-120,Complex
106,TIC-300651846-69-SPOC-120,Complex
106,TIC-300651846-7-FFI-30min,Complex
106,TIC-300651846-8-FFI-30min,Complex
106,TIC-300651846-87-SPOC-120,Complex
106,TIC-300651846-88-SPOC-120,Complex
106,TIC-300651846-89-SPOC-120,Complex
106,TIC-300651846-9-FFI-30min,Complex
106,TIC-300651846-90-FFI-200s,Complex
106,TIC-300651846-93-FFI-200s,Complex
107,TIC-264767454-10-SPOC-120,Complex
107,TIC-264767454-27-FFI-10min,Complex
107,TIC-264767454-34-SPOC-120,Complex
107,TIC-264767454-35-SPOC-120,Complex
107,TIC-264767454-36-SPOC-120,Complex
107,TIC-264767454-37-SPOC-120,Complex
107,TIC-264767454-61-FFI-200s,Complex
107,TIC-264767454-62-FFI-200s,Complex
107,TIC-264767454-63-FFI-200s,Complex
107,TIC-264767454-67-FFI-200s,Complex
107,TIC-264767454-8-SPOC-120,Complex
107,TIC-264767454-87-FFI-200s,Complex
107,TIC-264767454-88-SPOC-120,Complex
107,TIC-264767454-89-SPOC-120,Complex
107,TIC-264767454-9-SPOC-120,Complex
107,TIC-264767454-90-SPOC-120,Complex
108,TIC-89463560-10-SPOC-120,Complex
108,TIC-89463560-35-SPOC-120,Complex
108,TIC-89463560-36-SPOC-120,Complex
108,TIC-89463560-37-SPOC-120,Complex
108,TIC-89463560-61-SPOC-120,Complex
108,TIC-89463560-62-SPOC-120,Complex
108,TIC-89463560-63-SPOC-120,Double Dip
108,TIC-89463560-64-SPOC-120,Complex
108,TIC-89463560-8-SPOC-120,Complex
108,TIC-89463560-88-FFI-200s,Complex
108,TIC-89463560-89-SPOC-120,Complex
108,TIC-89463560-9-SPOC-120,Complex
108,TIC-89463560-90-SPOC-120,Complex
109,TIC-94088626-10-SPOC-120,Complex
109,TIC-94088626-37-FFI-10min,Complex
109,TIC-94088626-64-FFI-200s,Complex
109,TIC-94088626-90-SPOC-120,Complex
11,EPIC-203050730-2-EVEREST-1800,Complex
11,EPIC-203050730-2-K2SFF-1800,Complex
11,TIC-204792541-91-SPOC-120,Complex
110,TIC-294328887-1-FFI-30min,Complex
110,TIC-294328887-10-FFI-30min,Complex
110,TIC-294328887-11-FFI-30min,Complex
110,TIC-294328887-12-FFI-30min,Complex
110,TIC-294328887-13-FFI-30min,Complex
110,TIC-294328887-2-FFI-30min,Complex
110,TIC-294328887-27-FFI-10min,Complex
110,TIC-294328887-28-FFI-10min,Complex
110,TIC-294328887-29-FFI-10min,Complex
110,TIC-294328887-3-FFI-30min,Complex
110,TIC-294328887-30-FFI-10min,Complex
110,TIC-294328887-31-FFI-10min,Complex
110,TIC-294328887-32-SPOC-120,Complex
110,TIC-294328887-33-SPOC-120,Complex
110,TIC-294328887-34-SPOC-120,Complex
110,TIC-294328887-35-SPOC-120,Complex
110,TIC-294328887-36-SPOC-120,Complex
110,TIC-294328887-37-SPOC-120,Complex
110,TIC-294328887-38-SPOC-120,Complex
110,TIC-294328887-39-SPOC-120,Complex
110,TIC-294328887-4-FFI-30min,Complex
110,TIC-294328887-5-SPOC-120,Complex
110,TIC-294328887-6-FFI-30min,Complex
110,TIC-294328887-61-FFI-200s,Complex
110,TIC-294328887-62-FFI-200s,Complex
110,TIC-294328887-63-FFI-200s,Complex
110,TIC-294328887-64-FFI-200s,Complex
110,TIC-294328887-65-FFI-200s,Complex
110,TIC-294328887-66-FFI-200s,Complex
110,TIC-294328887-67-FFI-200s,Complex
110,TIC-294328887-68-FFI-200s,Complex
110,TIC-294328887-69-FFI-200s,Complex
110,TIC-294328887-7-FFI-30min,Complex
110,TIC-294328887-8-FFI-30min,Complex
110,TIC-294328887-87-SPOC-120,Complex
110,TIC-294328887-88-SPOC-120,Complex
110,TIC-294328887-89-SPOC-120,Complex
110,TIC-294328887-9-FFI-30min,Complex
110,TIC-294328887-90-SPOC-120,Complex
110,TIC-294328887-93-FFI-200s,Complex
111,TIC-363963079-33-SPOC-120,Complex
111,TIC-363963079-34-SPOC-120,Complex
111,TIC-363963079-35-SPOC-120,Complex
111,TIC-363963079-61-FFI-200s,Complex
111,TIC-363963079-62-FFI-200s,Complex
111,TIC-363963079-7-SPOC-120,Complex
111,TIC-363963079-8-SPOC-120,Complex
111,TIC-363963079-87-SPOC-120,Complex
111,TIC-363963079-88-FFI-200s,Complex
111,TIC-363963079-89-SPOC-120,Complex
112,TIC-402980664-18-SPOC-120,Complex
112,TIC-402980664-19-SPOC-120,Complex
112,TIC-402980664-25-SPOC-120,Complex
112,TIC-402980664-26-SPOC-120,Complex
112,TIC-402980664-53-SPOC-120,Complex
112,TIC-402980664-58-SPOC-120,Complex
112,TIC-402980664-59-SPOC-120,Complex
112,TIC-402980664-73-SPOC-120,Complex
112,TIC-402980664-78-SPOC-120,Not Complex
112,TIC-402980664-79-SPOC-120,Complex
112,TIC-402980664-85-SPOC-120,Complex
112,TIC-402980664-86-SPOC-120,Complex
113,TIC-359892714-11-SPOC-120,Complex
113,TIC-359892714-12-SPOC-120,Complex
113,TIC-359892714-38-SPOC-120,Complex
113,TIC-359892714-39-SPOC-120,Complex
113,TIC-359892714-64-SPOC-120,Complex
113,TIC-359892714-65-SPOC-120,Complex
114,TIC-335598085-11-SPOC-120,Complex
114,TIC-335598085-64-SPOC-120,Complex
114,TIC-335598085-65-SPOC-120,Complex
115,TIC-442571495-12-SPOC-120,Complex
115,TIC-442571495-38-SPOC-120,Complex
115,TIC-442571495-65-FFI-200s,Complex
115,TIC-442571495-91-FFI-200s,
116,EPIC-202724025-2-EVEREST-1800,Complex
116,EPIC-202724025-2-K2SFF-1800,Complex
116,TIC-67897871-12-SPOC-120,Complex
116,TIC-67897871-65-FFI-200s,Complex
116,TIC-67897871-91-SPOC-120,Complex
117,TIC-405754448-11-SPOC-120,Complex
117,TIC-405754448-37-SPOC-120,Complex
117,TIC-405754448-38-SPOC-120,Complex
117,TIC-405754448-64-FFI-200s,Complex
117,TIC-405754448-65-FFI-200s,Complex
118,TIC-405910546-11-FFI-30min,Double Dip
118,TIC-405910546-37-SPOC-120,Complex
118,TIC-405910546-38-SPOC-120,Double Dip
118,TIC-405910546-64-FFI-200s,Not Complex
119,TIC-404144841-11-SPOC-120,Complex
119,TIC-404144841-37-SPOC-120,Complex
119,TIC-404144841-38-SPOC-120,Complex
119,TIC-404144841-64-SPOC-120,Complex
12,EPIC-203185083-2-EVEREST-1800,Complex
12,EPIC-203185083-2-K2SFF-1800,Complex
12,TIC-205060766-91-SPOC-120,Complex
120,TIC-312410638-11-FFI-30min,Complex
120,TIC-312410638-38-SPOC-120,Complex
120,TIC-312410638-65-FFI-200s,Complex
121,TIC-167664935-11-FFI-30min,Double Dip
121,TIC-167664935-38-SPOC-120,Double Dip
121,TIC-167664935-65-FFI-200s,Double Dip
122,TIC-89026133-11-FFI-30min,Complex
122,TIC-89026133-38-SPOC-120,Complex
122,TIC-89026133-65-FFI-200s,Complex
123,TIC-272248916-11-SPOC-120,Complex
123,TIC-272248916-38-SPOC-120,Double Dip
123,TIC-272248916-65-FFI-200s,Double Dip
124,TIC-440725886-42-SPOC-120,Complex
124,TIC-440725886-43-SPOC-120,Complex
124,TIC-440725886-44-SPOC-120,Complex
124,TIC-440725886-70-SPOC-120,Complex
124,TIC-440725886-71-SPOC-120,Complex
125,TIC-234295610-1-SPOC-120,Complex
125,TIC-234295610-28-SPOC-120,Complex
125,TIC-234295610-68-FFI-200s,Complex
126,TIC-224283342-2-SPOC-120,Complex
126,TIC-224283342-29-SPOC-120,Complex
126,TIC-224283342-69-SPOC-120,Complex
127,TIC-289840926-1-SPOC-120,Complex
127,TIC-289840926-28-SPOC-120,Complex
127,TIC-289840926-68-FFI-200s,Complex
127,TIC-289840926-92-SPOC-120,Complex
128,TIC-141146667-14-FFI-30min,Double Dip
128,TIC-141146667-15-FFI-30min,Complex
128,TIC-141146667-21-FFI-30min,Double Dip
128,TIC-141146667-41-SPOC-120,Complex
128,TIC-141146667-48-SPOC-120,Complex
128,TIC-141146667-75-SPOC-120,Complex
129,EPIC-204364515-15-EVEREST-1800,Complex
129,EPIC-204364515-15-K2SFF-1800,Complex
129,EPIC-204364515-2-EVEREST-1800,Complex
129,EPIC-204364515-2-K2SFF-1800,Complex
129,TIC-12779416-91-FFI-200s,Complex
13,EPIC-203534383-2-EVEREST-1800,Complex
13,EPIC-203534383-2-K2SFF-1800,Complex
13,TIC-68502886-91-SPOC-120,Complex
130,EPIC-203849738-2-EVEREST-1800,Complex
130,EPIC-203849738-2-K2SFF-1800,Complex
130,TIC-68045555-91-SPOC-120,Complex
131,EPIC-203692610-2-K2SFF-1800,Complex
131,EPIC-203692610-2-K2SFF-1800,Complex
131,TIC-68131578-91-SPOC-120,Complex
132,EPIC-205374937-2-EVEREST-1800,Complex
132,EPIC-205374937-2-K2SFF-1800,Complex
132,TIC-49165224-91-SPOC-120,Complex
133,EPIC-202873945-2-EVEREST-1800,Complex
133,EPIC-202873945-2-K2SFF-1800,Complex
133,TIC-391993423-12-FFI-30min,Complex
133,TIC-391993423-39-FFI-10min,Complex
133,TIC-391993423-91-SPOC-120,Complex
134,EPIC-204296148-2-EVEREST-1800,Complex
134,EPIC-204296148-2-K2SFF-1800,Complex
134,TIC-203444707-91-SPOC-120,Complex
135,EPIC-203962559-2-EVEREST-1800,Complex
135,EPIC-203962559-2-K2SFF-1800,Complex
135,TIC-175597010-91-SPOC-120,Complex
136,EPIC-203927435-2-EVEREST-1800,Complex
136,EPIC-203927435-2-K2SFF-1800,Complex
136,TIC-175861088-91-SPOC-120,Complex
137,EPIC-205024957-2-EVEREST-1800,Complex
137,EPIC-205024957-2-K2SFF-1800,Complex
137,TIC-49040989-91-FFI-200s,Complex
138,EPIC-205046529-2-EVEREST-1800,Complex
138,EPIC-205046529-2-K2SFF-1800,Complex
138,TIC-49040871-91-FFI-200s,Double Dip
139,EPIC-204143627-2-EVEREST-1800,Complex
139,EPIC-204143627-2-K2SFF-1800,Complex
139,TIC-49585759-91-SPOC-120,Double Dip
14,EPIC-203462615-2-EVEREST-1800,Complex
14,EPIC-203462615-2-K2SFF-1800,Complex
14,TIC-66750314-91-SPOC-120,Complex
140,EPIC-205483258-2-EVEREST-1800,Complex
140,EPIC-205483258-2-K2SFF-1800,Complex
140,TIC-413551134-91-SPOC-120,Double Dip
141,EPIC-204882444-2-EVEREST-1800,Complex
141,EPIC-204882444-2-K2SFF-1800,Complex
141,TIC-220604303-91-SPOC-120,Complex
142,EPIC-204787516-2-EVEREST-1800,Complex
142,EPIC-204787516-2-K2SFF-1800,Complex
142,TIC-280160269-91-FFI-200s,Complex
143,EPIC-204270520-15-EVEREST-1800,Complex
143,EPIC-204270520-15-K2SFF-1800,Complex
143,EPIC-204270520-2-EVEREST-1800,Complex
143,EPIC-204270520-2-K2SFF-1800,Complex
143,TIC-12776845-91-SPOC-120,Complex
144,EPIC-204783273-2-EVEREST-1800,Complex
144,EPIC-204783273-2-K2SFF-1800,Complex
144,TIC-49035618-91-FFI-200s,Complex
145,EPIC-203645396-2-EVEREST-1800,Complex
145,EPIC-203645396-2-K2SFF-1800,Double Dip
145,TIC-68167990-91-FFI-200s,Complex
146,EPIC-204082531-2-EVEREST-1800,Complex
146,EPIC-204082531-2-K2SFF-1800,Complex
146,TIC-49691316-91-SPOC-120,Complex
147,EPIC-204321142-2-EVEREST-1800,Complex
147,EPIC-204321142-2-K2SFF-1800,Complex
147,TIC-202876323-91-SPOC-120,Double Dip
148,EPIC-203956650-2-EVEREST-1800,Complex
148,EPIC-203956650-2-K2SFF-1800,Complex
148,TIC-175744495-91-FFI-200s,Double Dip
149,EPIC-202687442-2-EVEREST-1800,Complex
149,EPIC-202687442-2-K2SFF-1800,Complex
149,TIC-205106701-12-FFI-30min,Complex
149,TIC-205106701-39-FFI-10min,Complex
149,TIC-205106701-91-FFI-200s,Complex
15,EPIC-204066898-15-EVEREST-1800,Complex
15,EPIC-204066898-15-K2SFF-1800,Complex
15,EPIC-204066898-2-EVEREST-1800,Complex
15,EPIC-204066898-2-K2SFF-1800,Complex
15,TIC-12659333-91-SPOC-120,Complex
150,EPIC-204884822-2-EVEREST-1800,Complex
150,EPIC-204884822-2-K2SFF-1800,Complex
150,TIC-73217080-91-SPOC-120,Double Dip
151,TIC-289840928-1-SPOC-120,Complex
151,TIC-289840928-28-SPOC-120,Complex
151,TIC-289840928-68-SPOC-120,Complex
151,TIC-289840928-92-SPOC-120,Complex
152,TIC-92574021-10-FFI-30min,Complex
152,TIC-92574021-37-FFI-10min,Complex
152,TIC-92574021-63-FFI-200s,Complex
152,TIC-92574021-64-FFI-200s,Complex
152,TIC-92574021-90-FFI-200s,Complex
153,TIC-452345586-10-FFI-30min,Double Dip
153,TIC-452345586-11-FFI-30min,Complex
153,TIC-452345586-37-FFI-10min,Double Dip
153,TIC-452345586-64-FFI-200s,Double Dip
154,TIC-379774242-11-FFI-30min,Complex
154,TIC-379774242-37-FFI-10min,Complex
154,TIC-379774242-38-FFI-10min,Complex
154,TIC-379774242-64-FFI-200s,Complex
154,TIC-379774242-65-FFI-200s,Complex
155,TIC-310412874-11-FFI-30min,Complex
155,TIC-310412874-37-FFI-10min,Complex
155,TIC-310412874-38-FFI-10min,Complex
155,TIC-310412874-64-FFI-200s,Complex
155,TIC-310412874-65-FFI-200s,Complex
156,TIC-311447879-11-FFI-30min,Complex
156,TIC-311447879-37-FFI-10min,Complex
156,TIC-311447879-38-FFI-10min,Complex
157,TIC-311333943-11-FFI-30min,Complex
157,TIC-311333943-37-FFI-10min,Complex
157,TIC-311333943-64-FFI-200s,Complex
157,TIC-311333943-65-FFI-200s,Complex
158,TIC-450386147-11-FFI-30min,Complex
158,TIC-450386147-37-FFI-10min,Complex
158,TIC-450386147-38-FFI-10min,Complex
158,TIC-450386147-64-FFI-200s,Complex
158,TIC-450386147-65-FFI-200s,Complex
159,TIC-272407484-10-SPOC-120,Complex
159,TIC-272407484-11-SPOC-120,Complex
159,TIC-272407484-37-FFI-10min,Complex
159,TIC-272407484-38-FFI-10min,Complex
159,TIC-272407484-64-FFI-200s,Complex
16,EPIC-204117263-2-EVEREST-1800,Complex
16,EPIC-204117263-2-K2SFF-1800,Complex
16,TIC-49072492-91-SPOC-120,Complex
160,TIC-412182239-11-FFI-30min,Complex
160,TIC-412182239-37-FFI-10min,Complex
160,TIC-412182239-38-FFI-10min,Complex
160,TIC-412182239-64-FFI-200s,Complex
160,TIC-412182239-65-FFI-200s,Complex
161,TIC-165912675-10-FFI-30min,Complex
161,TIC-165912675-11-FFI-30min,Complex
161,TIC-165912675-37-FFI-10min,Complex
161,TIC-165912675-64-FFI-200s,Complex
162,TIC-412376751-11-FFI-30min,Double Dip
162,TIC-412376751-37-FFI-10min,Complex
162,TIC-412376751-38-FFI-10min,Double Dip
162,TIC-412376751-64-FFI-200s,Double Dip
162,TIC-412376751-65-FFI-200s,Not Complex
163,TIC-412376096-11-FFI-30min,Complex
163,TIC-412376096-37-FFI-10min,Complex
163,TIC-412376096-38-FFI-10min,Double Dip
163,TIC-412376096-64-FFI-200s,Double Dip
163,TIC-412376096-65-FFI-200s,Complex
164,TIC-258583707-11-FFI-30min,Complex
164,TIC-258583707-37-FFI-10min,Complex
164,TIC-258583707-64-FFI-200s,Complex
165,TIC-438709950-11-FFI-30min,Complex
165,TIC-438709950-37-FFI-10min,Double Dip
165,TIC-438709950-38-FFI-10min,Complex
165,TIC-438709950-64-FFI-200s,Complex
166,TIC-241375625-11-FFI-30min,Complex
166,TIC-241375625-38-FFI-10min,Complex
166,TIC-241375625-64-FFI-200s,Complex
166,TIC-241375625-65-FFI-200s,Complex
167,TIC-179368022-11-FFI-30min,Not Complex
167,TIC-179368022-38-FFI-10min,Complex
167,TIC-179368022-64-FFI-200s,Complex
168,TIC-241841997-11-FFI-30min,Not Complex
168,TIC-241841997-38-FFI-10min,Complex
168,TIC-241841997-65-FFI-200s,Complex
169,TIC-334325329-11-FFI-30min,Complex
169,TIC-334325329-38-FFI-10min,Not Complex
169,TIC-334325329-65-SPOC-120,Complex
17,EPIC-204367193-2-EVEREST-1800,Complex
17,EPIC-204367193-2-K2SFF-1800,Complex
17,TIC-49198167-91-SPOC-120,Complex
170,TIC-334838280-11-FFI-30min,Complex
170,TIC-334838280-38-FFI-10min,Complex
170,TIC-334838280-65-FFI-200s,Double Dip
171,TIC-366178112-11-FFI-30min,Complex
171,TIC-366178112-38-FFI-10min,Complex
171,TIC-366178112-65-SPOC-120,Complex
172,TIC-160539036-11-FFI-30min,Complex
172,TIC-160539036-38-FFI-10min,Complex
172,TIC-160539036-65-FFI-200s,Complex
173,TIC-140765939-11-FFI-30min,Complex
173,TIC-140765939-38-FFI-10min,Complex
173,TIC-140765939-65-FFI-200s,Complex
174,TIC-76698847-11-FFI-30min,Complex
174,TIC-76698847-38-FFI-10min,Complex
174,TIC-76698847-65-FFI-200s,Complex
175,TIC-173267960-12-FFI-30min,Complex
175,TIC-173267960-38-FFI-10min,Complex
175,TIC-173267960-65-FFI-200s,Complex
176,TIC-179357494-12-FFI-30min,Complex
176,TIC-179357494-38-FFI-10min,Complex
176,TIC-179357494-65-FFI-200s,Complex
177,TIC-442575691-12-FFI-30min,Complex
177,TIC-442575691-38-FFI-10min,Complex
177,TIC-442575691-65-FFI-200s,Complex
177,TIC-442575691-91-FFI-200s,
178,TIC-84187344-12-FFI-30min,Complex
178,TIC-84187344-39-FFI-10min,Complex
178,TIC-84187344-66-FFI-200s,Complex
178,TIC-84187344-93-FFI-200s,Not Complex
179,TIC-85125492-12-FFI-30min,Not Complex
179,TIC-85125492-39-FFI-10min,Complex
179,TIC-85125492-66-FFI-200s,Double Dip
179,TIC-85125492-93-FFI-200s,Complex
18,EPIC-205110559-2-EVEREST-1800,Complex
18,EPIC-205110559-2-K2SFF-1800,Complex
18,TIC-49518818-91-SPOC-120,Complex
180,TIC-85356121-12-FFI-30min,Complex
180,TIC-85356121-39-FFI-10min,Not Complex
180,TIC-85356121-66-FFI-200s,Complex
180,TIC-85356121-93-FFI-200s,Complex
181,TIC-97239026-12-FFI-30min,Complex
181,TIC-97239026-39-FFI-10min,Complex
181,TIC-97239026-66-FFI-200s,Complex
181,TIC-97239026-91-SPOC-120,Complex
181,TIC-97239026-93-FFI-200s,Complex
182,TIC-337243787-12-FFI-30min,Complex
182,TIC-337243787-39-FFI-10min,Complex
182,TIC-337243787-66-FFI-200s,Complex
182,TIC-337243787-93-FFI-200s,Complex
183,TIC-65347864-3-SPOC-120,Complex
183,TIC-65347864-30-FFI-10min,Complex
183,TIC-65347864-31-FFI-10min,Complex
183,TIC-65347864-4-SPOC-120,Complex
184,EPIC-210818897-4-EVEREST-1800,Double Dip
184,EPIC-210818897-4-K2SFF-1800,Complex
184,TIC-15756231-43-SPOC-120,Double Dip
184,TIC-15756231-44-SPOC-120,Not Complex
184,TIC-15756231-70-FFI-200s,Complex
185,EPIC-210783336-4-EVEREST-1800,Not Complex
185,EPIC-210783336-4-K2SFF-1800,Complex
185,TIC-16005843-43-SPOC-120,Not Complex
185,TIC-16005843-44-SPOC-120,Not Complex
185,TIC-16005843-70-FFI-200s,Not Complex
185,TIC-16005843-71-FFI-200s,Not Complex
186,EPIC-247454835-13-EVEREST-1800,Not Complex
186,EPIC-247454835-13-K2SFF-1800,Double Dip
186,TIC-456946694-43-SPOC-120,Not Complex
186,TIC-456946694-44-SPOC-120,Not Complex
186,TIC-456946694-70-SPOC-120,Double Dip
186,TIC-456946694-71-SPOC-120,Not Complex
187,EPIC-210690598-13-K2SFF-1800,Complex
187,TIC-353752577-43-SPOC-120,Complex
187,TIC-353752577-44-SPOC-120,Complex
187,TIC-353752577-70-FFI-200s,Complex
187,TIC-353752577-71-FFI-200s,Not Complex
188,EPIC-247791556-13-EVEREST-1800,Complex
188,EPIC-247791556-13-K2SFF-1800,Complex
188,TIC-268397898-43-SPOC-120,Complex
188,TIC-268397898-44-SPOC-120,Not Complex
188,TIC-268397898-70-FFI-200s,Complex
188,TIC-268397898-71-FFI-200s,Complex
189,EPIC-247031423-13-EVEREST-1800,Complex
189,EPIC-247031423-13-K2SFF-1800,Double Dip
189,TIC-61259674-43-SPOC-120,Not Complex
189,TIC-61259674-44-SPOC-120,Not Complex
189,TIC-61259674-70-SPOC-120,Not Complex
189,TIC-61259674-71-SPOC-120,Not Complex
19,EPIC-204918279-2-EVEREST-1800,Complex
19,EPIC-204918279-2-K2SFF-1800,Complex
190,EPIC-247591948-13-EVEREST-1800,Double Dip
190,EPIC-247591948-13-K2SFF-1800,Complex
190,TIC-118521714-43-FFI-10min,Complex
190,TIC-118521714-44-FFI-10min,Complex
190,TIC-118521714-70-FFI-200s,Not Complex
190,TIC-118521714-71-FFI-200s,Not Complex
191,EPIC-247592103-13-EVEREST-1800,Double Dip
191,EPIC-247592103-13-K2SFF-1800,Complex
191,TIC-118521713-43-FFI-10min,Complex
191,TIC-118521713-44-FFI-10min,Complex
191,TIC-118521713-70-FFI-200s,Not Complex
191,TIC-118521713-71-FFI-200s,Not Complex
192,EPIC-210554781-13-EVEREST-1800,Double Dip
192,EPIC-210554781-13-K2SFF-1800,Double Dip
192,TIC-245792696-43-FFI-10min,Not Complex
192,TIC-245792696-44-FFI-10min,Double Dip
192,TIC-245792696-70-FFI-200s,Not Complex
192,TIC-245792696-71-FFI-200s,Not Complex
193,EPIC-247888948-13-EVEREST-1800,Double Dip
193,EPIC-247888948-13-K2SFF-1800,Complex
193,TIC-268510346-43-SPOC-120,Not Complex
193,TIC-268510346-44-SPOC-120,Not Complex
193,TIC-268510346-70-FFI-200s,Not Complex
193,TIC-268510346-71-FFI-200s,Not Complex
194,EPIC-246932950-13-EVEREST-1800,Complex
194,EPIC-246932950-13-K2SFF-1800,Complex
194,TIC-245869001-43-FFI-10min,Double Dip
194,TIC-245869001-44-FFI-10min,Double Dip
194,TIC-245869001-70-FFI-200s,Double Dip
194,TIC-245869001-71-FFI-200s,Double Dip
195,EPIC-247857331-13-EVEREST-1800,Not Complex
195,EPIC-247857331-13-K2SFF-1800,Not Complex
195,TIC-60005364-43-SPOC-120,Double Dip
195,TIC-60005364-44-SPOC-120,
195,TIC-60005364-71-SPOC-120,Double Dip
196,EPIC-246650193-13-EVEREST-1800,Complex
196,EPIC-246650193-13-K2SFF-1800,Double Dip
197,TIC-160329609-32-SPOC-120,Double Dip
197,TIC-160329609-33-SPOC-120,Double Dip
197,TIC-160329609-6-SPOC-120,Double Dip
197,TIC-160329609-87-SPOC-120,Double Dip
198,TIC-148646689-11-SPOC-120,Complex
198,TIC-148646689-38-SPOC-120,Complex
198,TIC-148646689-65-FFI-200s,Complex
199,TIC-245834739-32-FFI-10min,Complex
199,TIC-245834739-43-SPOC-120,Complex
199,TIC-245834739-44-SPOC-120,Complex
199,TIC-245834739-5-FFI-30min,Complex
199,TIC-245834739-70-SPOC-120,Double Dip
199,TIC-245834739-71-SPOC-120,Complex
2,EPIC-247343526-13-EVEREST-1800,Complex
2,EPIC-247343526-13-K2SFF-1800,Double Dip
2,TIC-118769116-43-SPOC-120,Complex
2,TIC-118769116-44-SPOC-120,Complex
2,TIC-118769116-70-FFI-200s,Complex
2,TIC-118769116-71-FFI-200s,Complex
20,EPIC-204897050-2-EVEREST-1800,Complex
20,EPIC-204897050-2-K2SFF-1800,Complex
20,TIC-9669706-91-SPOC-120,Complex
200,EPIC-248131102-13-EVEREST-1800,Complex
200,EPIC-248131102-13-K2SFF-1800,Complex
200,TIC-125843782-43-SPOC-120,Complex
200,TIC-125843782-44-SPOC-120,Complex
200,TIC-125843782-70-SPOC-120,Double Dip
200,TIC-125843782-71-SPOC-120,Complex
201,EPIC-60019763-1-K2SFF-1800,
201,TIC-244161191-3-SPOC-120,Complex
201,TIC-244161191-30-SPOC-120,Complex
201,TIC-244161191-42-FFI-10min,
201,TIC-244161191-70-SPOC-120,Complex
202,TIC-231058925-2-SPOC-120,Double Dip
202,TIC-231058925-29-SPOC-120,Complex
202,TIC-231058925-3-SPOC-120,Complex
202,TIC-231058925-30-SPOC-120,Complex
202,TIC-231058925-69-SPOC-120,Complex
203,TIC-301676454-46-SPOC-120,Complex
203,TIC-301676454-72-FFI-200s,Double Dip
204,TIC-58084670-14-FFI-30min,Double Dip
204,TIC-58084670-41-SPOC-120,Complex
204,TIC-58084670-54-SPOC-120,Complex
204,TIC-58084670-55-SPOC-120,Complex
204,TIC-58084670-74-SPOC-120,Complex
204,TIC-58084670-75-SPOC-120,Complex
204,TIC-58084670-81-SPOC-120,Complex
205,TIC-67745212-32-SPOC-120,Complex
205,TIC-67745212-5-FFI-30min,Complex
206,TIC-5714469-10-SPOC-120,Complex
206,TIC-5714469-36-FFI-10min,Complex
206,TIC-5714469-63-FFI-200s,Complex
206,TIC-5714469-90-SPOC-120,Complex
207,TIC-259586708-3-SPOC-120,Complex
207,TIC-259586708-30-SPOC-120,Complex
207,TIC-259586708-31-SPOC-120,Complex
207,TIC-259586708-32-SPOC-120,Double Dip
207,TIC-259586708-4-SPOC-120,Complex
207,TIC-259586708-5-SPOC-120,Complex
207,TIC-259586708-6-SPOC-120,Complex
21,TIC-280945693-10-FFI-30min,Complex
21,TIC-280945693-11-SPOC-120,Complex
21,TIC-280945693-37-SPOC-120,Complex
21,TIC-280945693-38-SPOC-120,Complex
21,TIC-280945693-64-SPOC-120,Not Complex
21,TIC-280945693-65-SPOC-120,Double Dip
22,TIC-296790810-10-FFI-30min,Complex
22,TIC-296790810-11-FFI-30min,Complex
22,TIC-296790810-37-FFI-10min,Complex
22,TIC-296790810-38-FFI-10min,Complex
22,TIC-296790810-64-SPOC-120,Complex
22,TIC-296790810-65-SPOC-120,Complex
23,TIC-290889135-10-FFI-30min,Complex
23,TIC-290889135-11-FFI-30min,Complex
23,TIC-290889135-37-FFI-10min,Complex
23,TIC-290889135-38-FFI-10min,Complex
23,TIC-290889135-64-FFI-200s,Complex
23,TIC-290889135-65-FFI-200s,Complex
24,TIC-301432612-10-FFI-30min,Complex
24,TIC-301432612-11-FFI-30min,Complex
24,TIC-301432612-37-FFI-10min,Complex
24,TIC-301432612-64-FFI-200s,Complex
25,TIC-93763678-10-FFI-30min,Complex
25,TIC-93763678-64-FFI-200s,Complex
25,TIC-93763678-90-FFI-200s,Complex
26,TIC-448002486-11-FFI-30min,Double Dip
26,TIC-448002486-38-FFI-10min,Complex
26,TIC-448002486-64-SPOC-120,Complex
26,TIC-448002486-65-SPOC-120,Complex
27,TIC-328468855-11-FFI-30min,Double Dip
27,TIC-328468855-38-FFI-10min,Complex
27,TIC-328468855-64-FFI-200s,Not Complex
28,TIC-435899024-11-FFI-30min,Complex
28,TIC-435899024-38-FFI-10min,Complex
28,TIC-435899024-64-SPOC-120,Complex
28,TIC-435899024-65-SPOC-120,Complex
29,TIC-973449111-11-FFI-30min,Complex
29,TIC-973449111-38-FFI-10min,Complex
29,TIC-973449111-64-SPOC-120,Complex
29,TIC-973449111-65-SPOC-120,Complex
3,EPIC-203354381-2-EVEREST-1800,Complex
3,EPIC-203354381-2-K2SFF-1800,Complex
3,TIC-175594111-91-SPOC-120,Complex
30,TIC-309321971-11-FFI-30min,Complex
30,TIC-309321971-38-FFI-10min,Complex
30,TIC-309321971-65-FFI-200s,Complex
31,TIC-254612758-12-FFI-30min,Complex
31,TIC-254612758-38-FFI-10min,Complex
31,TIC-254612758-65-SPOC-120,Complex
32,TIC-364291454-12-FFI-30min,Complex
33,TIC-147828926-12-FFI-30min,Complex
33,TIC-147828926-38-FFI-10min,Complex
33,TIC-147828926-65-FFI-200s,Complex
34,TIC-176205621-12-FFI-30min,Complex
34,TIC-176205621-38-FFI-10min,Complex
34,TIC-176205621-65-FFI-200s,Complex
35,TIC-276502773-11-FFI-30min,Complex
35,TIC-276502773-38-FFI-10min,Double Dip
35,TIC-276502773-65-FFI-200s,Complex
36,TIC-99207324-12-FFI-30min,Complex
36,TIC-99207324-38-FFI-10min,Complex
36,TIC-99207324-65-SPOC-120,Complex
37,TIC-310720311-11-FFI-30min,Complex
37,TIC-310720311-37-FFI-10min,Double Dip
37,TIC-310720311-38-FFI-10min,Double Dip
37,TIC-310720311-64-SPOC-120,Complex
37,TIC-310720311-65-SPOC-120,Complex
38,TIC-405970436-11-FFI-30min,Complex
38,TIC-405970436-37-FFI-10min,Complex
38,TIC-405970436-38-FFI-10min,Complex
38,TIC-405970436-64-FFI-200s,Complex
38,TIC-405970436-65-FFI-200s,Complex
39,TIC-406040223-11-FFI-30min,Complex
39,TIC-406040223-37-FFI-10min,Complex
39,TIC-406040223-38-FFI-10min,Complex
39,TIC-406040223-64-SPOC-120,Complex
39,TIC-406040223-65-SPOC-120,Complex
4,EPIC-203636498-2-EVEREST-1800,Complex
4,EPIC-203636498-2-K2SFF-1800,Complex
4,TIC-322928171-91-SPOC-120,Complex
40,TIC-207621404-11-FFI-30min,Complex
40,TIC-207621404-38-FFI-10min,Complex
40,TIC-207621404-65-SPOC-120,Complex
41,TIC-405695928-11-FFI-30min,Complex
41,TIC-405695928-37-SPOC-120,Double Dip
41,TIC-405695928-38-SPOC-120,Complex
41,TIC-405695928-64-FFI-200s,Double Dip
42,TIC-273821594-10-FFI-30min,Complex
42,TIC-273821594-11-FFI-30min,Complex
42,TIC-273821594-37-FFI-10min,Complex
42,TIC-273821594-38-FFI-10min,Complex
42,TIC-273821594-64-FFI-200s,Complex
43,TIC-419779703-11-FFI-30min,Complex
43,TIC-419779703-37-FFI-10min,Complex
43,TIC-419779703-38-FFI-10min,Complex
43,TIC-419779703-64-FFI-200s,Complex
44,TIC-398768350-10-FFI-30min,Complex
44,TIC-398768350-11-FFI-30min,Double Dip
44,TIC-398768350-37-FFI-10min,Complex
44,TIC-398768350-64-FFI-200s,Complex
45,TIC-288093002-10-FFI-30min,Complex
45,TIC-288093002-11-FFI-30min,Complex
45,TIC-288093002-37-FFI-10min,Complex
45,TIC-288093002-64-SPOC-120,Complex
46,TIC-161734785-10-FFI-30min,Complex
46,TIC-161734785-11-FFI-30min,Complex
46,TIC-161734785-37-FFI-10min,Complex
46,TIC-161734785-64-SPOC-120,Complex
47,TIC-165904363-10-FFI-30min,Complex
47,TIC-165904363-11-FFI-30min,Complex
47,TIC-165904363-37-FFI-10min,Complex
47,TIC-165904363-64-SPOC-120,Double Dip
48,TIC-404335106-11-FFI-30min,Complex
48,TIC-404335106-37-FFI-10min,Double Dip
48,TIC-404335106-38-FFI-10min,
48,TIC-404335106-64-FFI-200s,Not Complex
49,TIC-404387832-11-FFI-30min,Complex
49,TIC-404387832-37-FFI-10min,Complex
49,TIC-404387832-38-FFI-10min,Complex
49,TIC-404387832-64-FFI-200s,Complex
5,EPIC-203821589-2-EVEREST-1800,Complex
5,EPIC-203821589-2-K2SFF-1800,Complex
5,TIC-175743566-91-SPOC-120,Complex
50,TIC-328906141-11-FFI-30min,Complex
50,TIC-328906141-38-FFI-10min,Complex
50,TIC-328906141-65-SPOC-120,Complex
51,TIC-329694185-11-FFI-30min,Complex
51,TIC-329694185-38-FFI-10min,Complex
51,TIC-329694185-65-FFI-200s,Complex
52,TIC-330560000-11-FFI-30min,Complex
52,TIC-330560000-38-FFI-10min,Complex
52,TIC-330560000-65-SPOC-120,Complex
53,TIC-211513644-11-FFI-30min,Double Dip
53,TIC-211513644-65-SPOC-120,Complex
54,TIC-242407571-11-FFI-30min,Complex
54,TIC-242407571-38-FFI-10min,Double Dip
54,TIC-242407571-65-SPOC-120,Double Dip
55,TIC-127866051-11-FFI-30min,Complex
55,TIC-127866051-38-FFI-10min,Double Dip
55,TIC-127866051-65-FFI-200s,Complex
56,TIC-127246012-11-FFI-30min,Complex
56,TIC-127246012-38-FFI-10min,Complex
56,TIC-127246012-65-FFI-200s,Complex
57,TIC-129309458-11-FFI-30min,Double Dip
57,TIC-129309458-38-FFI-10min,Complex
57,TIC-129309458-65-FFI-200s,Complex
58,TIC-127309526-11-FFI-30min,Complex
58,TIC-127309526-38-FFI-10min,Double Dip
58,TIC-127309526-65-SPOC-120,Complex
59,TIC-241884143-11-FFI-30min,Complex
59,TIC-241884143-38-FFI-10min,Complex
59,TIC-241884143-65-FFI-200s,Complex
6,EPIC-203897692-2-EVEREST-1800,Complex
6,EPIC-203897692-2-K2SFF-1800,Complex
6,TIC-98689067-91-SPOC-120,Double Dip
60,TIC-243499565-11-FFI-30min,Complex
60,TIC-243499565-38-SPOC-120,Complex
60,TIC-243499565-64-SPOC-120,Complex
61,TIC-243449997-11-FFI-30min,Complex
61,TIC-243449997-38-FFI-10min,Complex
61,TIC-243449997-64-FFI-200s,Complex
62,TIC-243611773-11-FFI-30min,Complex
62,TIC-243611773-38-FFI-10min,Complex
62,TIC-243611773-64-SPOC-120,Complex
63,TIC-243381460-11-FFI-30min,Double Dip
63,TIC-243381460-38-FFI-10min,Not Complex
64,TIC-179367270-11-FFI-30min,Not Complex
64,TIC-179367270-38-SPOC-120,Not Complex
64,TIC-179367270-64-FFI-200s,Complex
65,TIC-248145126-10-FFI-30min,Complex
65,TIC-248145126-11-FFI-30min,Complex
65,TIC-248145126-37-FFI-10min,Complex
65,TIC-248145126-64-SPOC-120,Complex
66,TIC-135162879-10-FFI-30min,Complex
66,TIC-135162879-37-FFI-10min,Complex
66,TIC-135162879-64-SPOC-120,Complex
67,TIC-121840452-11-FFI-30min,Complex
67,TIC-121840452-38-FFI-10min,Complex
67,TIC-121840452-65-SPOC-120,Complex
68,TIC-461643692-11-FFI-30min,Complex
68,TIC-461643692-38-FFI-10min,Complex
68,TIC-461643692-65-SPOC-120,Complex
69,TIC-272398365-11-FFI-30min,Complex
69,TIC-272398365-38-FFI-10min,Complex
69,TIC-272398365-65-FFI-200s,Complex
7,EPIC-204060981-2-EVEREST-1800,Complex
7,EPIC-204060981-2-K2SFF-1800,Complex
7,TIC-49072162-91-SPOC-120,Complex
70,EPIC-211013604-4-EVEREST-1800,Complex
70,EPIC-211013604-4-K2SFF-1800,Complex
70,TIC-440686535-42-SPOC-120,Complex
70,TIC-440686535-43-SPOC-120,Complex
70,TIC-440686535-44-FFI-10min,Not Complex
70,TIC-440686535-70-FFI-200s,Complex
70,TIC-440686535-71-FFI-200s,Complex
71,EPIC-211016654-4-EVEREST-1800,Complex
71,EPIC-211016654-4-K2SFF-1800,Complex
71,TIC-440690770-42-FFI-10min,Complex
71,TIC-440690770-43-FFI-10min,Complex
71,TIC-440690770-44-FFI-10min,Complex
71,TIC-440690770-70-SPOC-120,Complex
71,TIC-440690770-71-SPOC-120,Complex
72,EPIC-211047687-4-EVEREST-1800,Complex
72,EPIC-211047687-4-K2SFF-1800,Complex
72,TIC-67768181-42-SPOC-120,Complex
72,TIC-67768181-43-SPOC-120,Complex
72,TIC-67768181-44-SPOC-120,Complex
72,TIC-67768181-70-SPOC-120,Complex
72,TIC-67768181-71-SPOC-120,Complex
73,EPIC-211057712-4-EVEREST-1800,Complex
73,EPIC-211057712-4-K2SFF-1800,Complex
73,TIC-14334105-43-FFI-10min,Complex
73,TIC-14334105-44-FFI-10min,Complex
73,TIC-14334105-70-FFI-200s,Complex
73,TIC-14334105-71-FFI-200s,Complex
74,EPIC-211070495-4-EVEREST-1800,Complex
74,EPIC-211070495-4-K2SFF-1800,Complex
74,TIC-353927317-42-SPOC-120,Complex
74,TIC-353927317-43-SPOC-120,Complex
74,TIC-353927317-44-SPOC-120,Complex
74,TIC-353927317-70-FFI-200s,Complex
74,TIC-353927317-71-FFI-200s,Complex
75,TIC-165184400-3-FFI-30min,Double Dip
75,TIC-165184400-30-SPOC-120,Not Complex
75,TIC-165184400-31-SPOC-120,Not Complex
75,TIC-165184400-4-SPOC-120,Complex
76,TIC-465268712-10-FFI-30min,Complex
76,TIC-465268712-11-FFI-30min,Complex
76,TIC-465268712-37-FFI-10min,Complex
76,TIC-465268712-38-FFI-10min,Complex
76,TIC-465268712-64-FFI-200s,Complex
76,TIC-465268712-65-FFI-200s,Complex
76,TIC-465268712-90-FFI-200s,Complex
77,TIC-370829038-10-FFI-30min,Complex
77,TIC-370829038-11-FFI-30min,Complex
77,TIC-370829038-36-FFI-10min,Complex
77,TIC-370829038-37-FFI-10min,Complex
77,TIC-370829038-38-FFI-10min,Complex
77,TIC-370829038-63-FFI-200s,Complex
77,TIC-370829038-64-FFI-200s,Complex
77,TIC-370829038-65-FFI-200s,Complex
77,TIC-370829038-9-FFI-30min,Complex
77,TIC-370829038-90-SPOC-120,Complex
78,TIC-342456426-10-FFI-30min,Not Complex
78,TIC-342456426-34-FFI-10min,Complex
78,TIC-342456426-35-FFI-10min,Complex
78,TIC-342456426-36-FFI-10min,Complex
78,TIC-342456426-61-SPOC-120,Complex
78,TIC-342456426-62-SPOC-120,Complex
78,TIC-342456426-63-SPOC-120,Complex
78,TIC-342456426-8-FFI-30min,Complex
78,TIC-342456426-88-SPOC-120,Complex
78,TIC-342456426-89-SPOC-120,Complex
78,TIC-342456426-9-FFI-30min,Complex
78,TIC-342456426-90-SPOC-120,Complex
79,TIC-92740519-35-FFI-10min,Complex
79,TIC-92740519-36-FFI-10min,Complex
79,TIC-92740519-61-FFI-200s,Complex
79,TIC-92740519-62-FFI-200s,Complex
79,TIC-92740519-8-FFI-30min,Complex
79,TIC-92740519-88-FFI-200s,Complex
79,TIC-92740519-89-SPOC-120,Complex
79,TIC-92740519-9-FFI-30min,Complex
79,TIC-92740519-90-SPOC-120,Complex
8,EPIC-204185983-2-EVEREST-1800,Complex
8,EPIC-204185983-2-K2SFF-1800,Complex
8,TIC-203822419-91-SPOC-120,Complex
80,TIC-353730181-43-SPOC-120,Complex
80,TIC-353730181-44-SPOC-120,Complex
80,TIC-353730181-70-SPOC-120,Not Complex
80,TIC-353730181-71-SPOC-120,Not Complex
81,TIC-368129164-23-SPOC-120,Complex
81,TIC-368129164-50-SPOC-120,Complex
81,TIC-368129164-77-SPOC-120,Complex
82,TIC-267953787-43-SPOC-120,Complex
82,TIC-267953787-44-SPOC-120,Complex
82,TIC-267953787-70-SPOC-120,Complex
82,TIC-267953787-71-SPOC-120,Complex
83,TIC-59836633-43-SPOC-120,Complex
83,TIC-59836633-44-SPOC-120,Complex
83,TIC-59836633-71-FFI-200s,Complex
84,TIC-2234692-19-SPOC-120,Complex
84,TIC-2234692-43-SPOC-120,Complex
84,TIC-2234692-44-SPOC-120,Double Dip
84,TIC-2234692-45-SPOC-120,Complex
84,TIC-2234692-59-FFI-200s,Complex
84,TIC-2234692-71-SPOC-120,Complex
84,TIC-2234692-73-SPOC-120,Complex
84,TIC-2234692-86-SPOC-120,Complex
85,TIC-332517282-2-SPOC-120,Complex
85,TIC-332517282-29-SPOC-120,Complex
85,TIC-332517282-69-SPOC-120,Complex
86,TIC-146539195-32-SPOC-120,Complex
86,TIC-146539195-5-SPOC-120,Complex
87,TIC-264599508-33-SPOC-120,Complex
87,TIC-264599508-44-SPOC-120,Complex
87,TIC-264599508-45-SPOC-120,Complex
87,TIC-264599508-46-SPOC-120,Complex
87,TIC-264599508-7-SPOC-120,Complex
87,TIC-264599508-71-SPOC-120,Not Complex
87,TIC-264599508-72-SPOC-120,Complex
87,TIC-264599508-87-SPOC-120,Complex
88,TIC-50745567-32-SPOC-120,Complex
88,TIC-50745567-6-SPOC-120,Complex
89,TIC-38539720-31-SPOC-120,Complex
9,EPIC-204099739-2-EVEREST-1800,Complex
9,EPIC-204099739-2-K2SFF-1800,Complex
9,TIC-48908525-91-FFI-200s,Complex
90,TIC-311092148-31-SPOC-120,Complex
91,TIC-68812630-43-SPOC-120,Complex
91,TIC-68812630-44-SPOC-120,Not Complex
91,TIC-68812630-71-SPOC-120,Complex
92,TIC-118449916-43-SPOC-120,Complex
92,TIC-118449916-44-SPOC-120,Complex
92,TIC-118449916-70-SPOC-120,Double Dip
92,TIC-118449916-71-SPOC-120,Complex
93,TIC-142173958-10-SPOC-120,Complex
93,TIC-142173958-37-SPOC-120,Complex
93,TIC-142173958-90-SPOC-120,Complex
94,TIC-193831684-13-SPOC-120,Complex
94,TIC-193831684-39-SPOC-120,Complex
94,TIC-193831684-66-SPOC-120,Complex
94,TIC-193831684-91-SPOC-120,Complex
94,TIC-193831684-92-SPOC-120,Complex
94,TIC-193831684-93-FFI-200s,Complex
95,TIC-38820496-1-SPOC-120,Complex
95,TIC-38820496-2-SPOC-120,Complex
95,TIC-38820496-27-SPOC-120,Complex
95,TIC-38820496-28-SPOC-120,Complex
95,TIC-38820496-67-FFI-200s,Complex
95,TIC-38820496-68-SPOC-120,Complex
96,TIC-201898222-2-SPOC-120,Double Dip
96,TIC-201898222-29-SPOC-120,Complex
96,TIC-201898222-3-SPOC-120,Double Dip
96,TIC-201898222-30-SPOC-120,Complex
96,TIC-201898222-69-FFI-200s,Complex
97,TIC-201789285-2-SPOC-120,Complex
97,TIC-201789285-29-SPOC-120,Complex
97,TIC-201789285-3-SPOC-120,Complex
97,TIC-201789285-30-SPOC-120,Complex
97,TIC-201789285-69-SPOC-120,Complex
98,TIC-144486786-32-SPOC-120,Complex
98,TIC-144486786-33-SPOC-120,Complex
98,TIC-144486786-5-SPOC-120,Complex
98,TIC-144486786-6-SPOC-120,Complex
98,TIC-144486786-87-SPOC-120,Complex
99,TIC-425937691-1-SPOC-120,Complex
99,TIC-425937691-2-SPOC-120,Complex
99,TIC-425937691-28-SPOC-120,Complex
99,TIC-425937691-29-FFI-10min,Complex
99,TIC-425937691-68-SPOC-120,Complex
99,TIC-425937691-69-SPOC-120,Complex
