pop_id,TIC,gaiadr3_source_id,epic_id,per,per2,disco_paper,author,year,tess_sectors,K2_campaign
0,59129133,3392549449695395968,246676629,0.6253,0.6332,Stauffer_2018,Stauffer,2018,TESS Sector 43 SPOC 120s TESS Sector 44 SPOC 120s TESS Sector 43 TESS-SPOC 600s TESS Sector 44 TESS-SPOC 600s TESS Sector 05 QLP 1800s TESS Sector 32 QLP 600s TESS Sector 43 QLP 600s TESS Sector 44 QLP 600s TESS Sector 71 QLP 200s TESS Sector 05 GSFC-ELEANOR-LITE 1800s TESS Sector 05 TASOC 1800s TESS Sector 05 TASOC 1800s TESS Sector 05 TGLC 1800s,K2 Campaign 13 K2 1800s K2 Campaign 13 EVEREST 1800s K2 Campaign 13 K2SFF 1800s
1,59091144,3392553852037339776,246682490,0.4377,3.6324,Stauffer_2018,Stauffer,2018,TESS Sector 43 SPOC 120s TESS Sector 44 SPOC 120s TESS Sector 43 TESS-SPOC 600s TESS Sector 44 TESS-SPOC 600s TESS Sector 71 TESS-SPOC 200s TESS Sector 05 QLP 1800s TESS Sector 32 QLP 600s TESS Sector 43 QLP 600s TESS Sector 44 QLP 600s TESS Sector 71 QLP 200s TESS Sector 05 GSFC-ELEANOR-LITE 1800s,K2 Campaign 13 K2 1800s K2 Campaign 13 EVEREST 1800s K2 Campaign 13 K2SFF 1800s
2,118769116,3411342134934571520,247343526,0.3568,,Stauffer_2018,Stauffer,2018,TESS Sector 43 SPOC 120s TESS Sector 44 SPOC 120s TESS Sector 43 TESS-SPOC 600s TESS Sector 44 TESS-SPOC 600s TESS Sector 43 QLP 600s TESS Sector 44 QLP 600s TESS Sector 70 QLP 200s TESS Sector 71 QLP 200s TESS Sector 43 CDIPS 1800s TESS Sector 44 CDIPS 1800s,K2 Campaign 13 K2 1800s K2 Campaign 13 EVEREST 1800s K2 Campaign 13 K2SFF 1800s
3,175594111,6045818685674325760,203354381,0.5993,,Stauffer_2018,Stauffer,2018,TESS Sector 91 SPOC 120s TESS Sector 91 QLP 200s,K2 Campaign 02 K2 1800s K2 Campaign 02 EVEREST 1800s K2 Campaign 02 K2SFF 1800s K2 Campaign 02 K2VARCAT 1800s
4,322928171,6048612514663537280,203636498,0.7794,,Stauffer_2018,Stauffer,2018,TESS Sector 91 SPOC 120s,K2 Campaign 02 K2 1800s K2 Campaign 02 EVEREST 1800s K2 Campaign 02 K2SFF 1800s K2 Campaign 02 K2VARCAT 1800s
5,175743566,6049078741946841856,203821589,0.6677,0.9105,Stauffer_2018,Stauffer,2018,TESS Sector 91 SPOC 120s,K2 Campaign 02 K2 1800s K2 Campaign 02 EVEREST 1800s K2 Campaign 02 K2SFF 1800s K2 Campaign 02 K2VARCAT 1800s
6,98689067,6049136569386567296,203897692,0.6043,0.5011,Stauffer_2018,Stauffer,2018,TESS Sector 91 SPOC 120s,K2 Campaign 02 K2 1800s K2 Campaign 02 EVEREST 1800s K2 Campaign 02 K2SFF 1800s K2 Campaign 02 K2VARCAT 1800s
7,49072162,6049979104536677632,204060981,0.3996,0.3802,Stauffer_2018,Stauffer,2018,TESS Sector 91 SPOC 120s TESS Sector 91 QLP 200s,K2 Campaign 02 K2 1800s K2 Campaign 02 EVEREST 1800s K2 Campaign 02 K2SFF 1800s K2 Campaign 02 K2VARCAT 1800s
8,203822419,6050952515921144192,204185983,1.0529,,Stauffer_2018,Stauffer,2018,TESS Sector 91 SPOC 120s TESS Sector 91 QLP 200s,K2 Campaign 02 K2 1800s K2 Campaign 02 EVEREST 1800s K2 Campaign 02 K2SFF 1800s K2 Campaign 02 K2VARCAT 1800s
9,48908525,6242105876588253056,204099739,0.7428,0.7158,Stauffer_2018,Stauffer,2018,TESS Sector 91 QLP 200s,K2 Campaign 02 K2 1800s K2 Campaign 02 EVEREST 1800s K2 Campaign 02 K2SFF 1800s K2 Campaign 02 K2VARCAT 1800s
10,49815071,6246044017998844160,205267399,0.3344,0.3311,Stauffer_2018,Stauffer,2018,TESS Sector 91 SPOC 120s TESS Sector 91 QLP 200s,K2 Campaign 02 K2 1800s K2 Campaign 02 EVEREST 1800s K2 Campaign 02 K2SFF 1800s K2 Campaign 02 K2VARCAT 1800s
11,204792541,6044751575283331840,203050730,0.4865,0.774,Stauffer_2017,Stauffer,2017,TESS Sector 91 SPOC 120s TESS Sector 91 QLP 200s,K2 Campaign 02 K2 1800s K2 Campaign 02 EVEREST 1800s K2 Campaign 02 K2SFF 1800s K2 Campaign 02 K2VARCAT 1800s
12,205060766,6044838303564444544,203185083,0.44,,Stauffer_2017,Stauffer,2017,TESS Sector 91 SPOC 120s,K2 Campaign 02 K2 1800s K2 Campaign 02 EVEREST 1800s K2 Campaign 02 K2SFF 1800s K2 Campaign 02 K2VARCAT 1800s
13,68502886,6048717277503393792,203534383,0.2784,0.3234,Stauffer_2017,Stauffer,2017,TESS Sector 91 SPOC 120s,K2 Campaign 02 K2 1800s K2 Campaign 02 EVEREST 1800s K2 Campaign 02 K2SFF 1800s K2 Campaign 02 K2VARCAT 1800s
14,66750314,6235428336315960576,203462615,0.5201,0.4421,Stauffer_2017,Stauffer,2017,TESS Sector 91 SPOC 120s TESS Sector 91 QLP 200s,K2 Campaign 02 K2 1800s K2 Campaign 02 EVEREST 1800s K2 Campaign 02 K2SFF 1800s K2 Campaign 02 K2VARCAT 1800s
15,12659333,6237069013821425408,204066898,0.3956,0.5386,Stauffer_2017,Stauffer,2017,TESS Sector 91 SPOC 120s TESS Sector 91 QLP 200s,K2 Campaign 02 K2 1800s K2 Campaign 15 K2 1800s K2 Campaign 02 EVEREST 1800s K2 Campaign 02 K2SFF 1800s K2 Campaign 02 K2VARCAT 1800s K2 Campaign 15 EVEREST 1800s K2 Campaign 15 K2SFF 1800s
16,49072492,6242145626506129664,204117263,0.6423,,Stauffer_2017,Stauffer,2017,TESS Sector 91 SPOC 120s,K2 Campaign 02 K2 1800s K2 Campaign 02 EVEREST 1800s K2 Campaign 02 K2SFF 1800s K2 Campaign 02 K2VARCAT 1800s
17,49198167,6242649340270424704,204367193,0.4835,,Stauffer_2017,Stauffer,2017,TESS Sector 91 SPOC 120s,K2 Campaign 02 K2 1800s K2 Campaign 02 EVEREST 1800s K2 Campaign 02 K2SFF 1800s K2 Campaign 02 K2VARCAT 1800s
18,49518818,6245595108015533824,205110559,0.4031,,Stauffer_2017,Stauffer,2017,TESS Sector 91 SPOC 120s TESS Sector 91 QLP 200s,K2 Campaign 02 K2 1800s K2 Campaign 02 EVEREST 1800s K2 Campaign 02 K2SFF 1800s K2 Campaign 02 K2VARCAT 1800s
19,220765024,6246944689821248128,204918279,0.4665,0.4594,Stauffer_2017,Stauffer,2017,,K2 Campaign 02 K2 1800s K2 Campaign 02 EVEREST 1800s K2 Campaign 02 K2SFF 1800s K2 Campaign 02 K2VARCAT 1800s
20,9669706,6247083125210430080,204897050,0.2639,,Stauffer_2017,Stauffer,2017,TESS Sector 91 SPOC 120s,K2 Campaign 02 K2 1800s K2 Campaign 02 EVEREST 1800s K2 Campaign 02 K2SFF 1800s K2 Campaign 02 K2VARCAT 1800s
21,280945693,5234117008292638464,,0.6363,,Stauffer_2021,Stauffer,2021,TESS Sector 11 SPOC 120s TESS Sector 38 SPOC 120s TESS Sector 37 SPOC 120s TESS Sector 64 SPOC 20s TESS Sector 65 SPOC 20s TESS Sector 65 SPOC 120s TESS Sector 64 SPOC 120s TESS Sector 11 TESS-SPOC 1800s TESS Sector 37 TESS-SPOC 600s TESS Sector 38 TESS-SPOC 600s TESS Sector 64 TESS-SPOC 200s TESS Sector 65 TESS-SPOC 200s TESS Sector 11 QLP 1800s TESS Sector 38 QLP 600s TESS Sector 37 QLP 600s TESS Sector 64 QLP 200s TESS Sector 65 QLP 200s TESS Sector 11 TGLC 1800s TESS Sector 11 CDIPS 1800s TESS Sector 38 CDIPS 1800s TESS Sector 37 CDIPS 1800s,
22,296790810,5236296171620605824,,0.3713,,Stauffer_2021,Stauffer,2021,TESS Sector 64 SPOC 20s TESS Sector 65 SPOC 20s TESS Sector 64 SPOC 120s TESS Sector 65 SPOC 120s TESS Sector 64 TESS-SPOC 200s TESS Sector 65 TESS-SPOC 200s TESS Sector 10 QLP 1800s TESS Sector 11 QLP 1800s TESS Sector 37 QLP 600s TESS Sector 38 QLP 600s TESS Sector 64 QLP 200s TESS Sector 65 QLP 200s TESS Sector 10 GSFC-ELEANOR-LITE 1800s TESS Sector 10 TGLC 1800s TESS Sector 11 TGLC 1800s,
23,290889135,5237270068366411392,,0.4835,,Rebull_2022,Rebull,2022,TESS Sector 10 QLP 1800s TESS Sector 11 QLP 1800s TESS Sector 37 QLP 600s TESS Sector 38 QLP 600s TESS Sector 64 QLP 200s TESS Sector 65 QLP 200s TESS Sector 10 GSFC-ELEANOR-LITE 1800s TESS Sector 10 TGLC 1800s TESS Sector 11 TGLC 1800s TESS Sector 37 CDIPS 1800s TESS Sector 38 CDIPS 1800s,
24,301432612,5341919587915807616,,0.5044,,Stauffer_2021,Stauffer,2021,TESS Sector 10 QLP 1800s TESS Sector 11 QLP 1800s TESS Sector 37 QLP 600s TESS Sector 10 CDIPS 1800s TESS Sector 11 CDIPS 1800s TESS Sector 10 GSFC-ELEANOR-LITE 1800s TESS Sector 10 TGLC 1800s TESS Sector 11 TGLC 1800s TESS Sector 37 CDIPS 1800s,
25,93763678,5345273648130813696,,0.9156,,Rebull_2022,Rebull,2022,TESS Sector 64 QLP 200s TESS Sector 10 GSFC-ELEANOR-LITE 1800s TESS Sector 10 TGLC 1800s,
26,448002486,5856059166484152320,,0.3593,,Stauffer_2021,Stauffer,2021,TESS Sector 64 SPOC 20s TESS Sector 65 SPOC 20s TESS Sector 64 SPOC 120s TESS Sector 65 SPOC 120s TESS Sector 64 TESS-SPOC 200s TESS Sector 65 TESS-SPOC 200s TESS Sector 11 QLP 1800s TESS Sector 38 QLP 600s TESS Sector 64 QLP 200s TESS Sector 65 QLP 200s TESS Sector 11 CDIPS 1800s TESS Sector 11 TGLC 1800s TESS Sector 38 CDIPS 1800s,
27,328468855,5856567140866125440,,1.862,,Rebull_2022,Rebull,2022,TESS Sector 11 QLP 1800s TESS Sector 38 QLP 600s TESS Sector 64 QLP 200s TESS Sector 11 CDIPS 1800s TESS Sector 11 TGLC 1800s TESS Sector 38 CDIPS 1800s,
28,435899024,5861945711251717888,,0.3634,,Stauffer_2021,Stauffer,2021,TESS Sector 64 SPOC 120s TESS Sector 65 SPOC 120s TESS Sector 64 TESS-SPOC 200s TESS Sector 65 TESS-SPOC 200s TESS Sector 11 QLP 1800s TESS Sector 38 QLP 600s TESS Sector 64 QLP 200s TESS Sector 65 QLP 200s TESS Sector 11 CDIPS 1800s TESS Sector 11 TGLC 1800s TESS Sector 38 CDIPS 1800s,
29,973449111,5868286560427916160,,0.621,,Stauffer_2021,Stauffer,2021,TESS Sector 64 SPOC 20s TESS Sector 65 SPOC 20s TESS Sector 64 SPOC 120s TESS Sector 65 SPOC 120s TESS Sector 64 TESS-SPOC 200s TESS Sector 65 TESS-SPOC 200s TESS Sector 38 QLP 600s TESS Sector 64 QLP 200s TESS Sector 65 QLP 200s TESS Sector 11 CDIPS 1800s TESS Sector 11 TGLC 1800s,
30,309321971,5901773217829654912,,0.6314,,Rebull_2022,Rebull,2022,TESS Sector 11 QLP 1800s TESS Sector 38 QLP 600s TESS Sector 65 QLP 200s TESS Sector 11 CDIPS 1800s TESS Sector 11 TGLC 1800s TESS Sector 38 CDIPS 1800s,
31,254612758,5988925319818253696,,0.5939,,Stauffer_2021,Stauffer,2021,TESS Sector 65 SPOC 20s TESS Sector 65 SPOC 120s TESS Sector 65 TESS-SPOC 200s TESS Sector 12 QLP 1800s TESS Sector 38 QLP 600s TESS Sector 65 QLP 200s TESS Sector 12 CDIPS 1800s TESS Sector 38 CDIPS 1800s,
32,364291454,5996407565146180992,,0.3495,,Rebull_2022,Rebull,2022,TESS Sector 12 QLP 1800s TESS Sector 12 CDIPS 1800s,
33,147828926,5999293989334501888,,0.4973,,Rebull_2022,Rebull,2022,TESS Sector 12 QLP 1800s TESS Sector 38 QLP 600s TESS Sector 65 QLP 200s TESS Sector 12 CDIPS 1800s TESS Sector 38 CDIPS 1800s,
34,176205621,6001888939853401728,,0.4258,,Rebull_2022,Rebull,2022,TESS Sector 12 QLP 1800s TESS Sector 38 QLP 600s TESS Sector 65 QLP 200s TESS Sector 12 CDIPS 1800s TESS Sector 38 CDIPS 1800s,
35,276502773,6004379539837518080,,0.5553,,Rebull_2022,Rebull,2022,TESS Sector 65 QLP 200s TESS Sector 11 CDIPS 1800s TESS Sector 11 TGLC 1800s TESS Sector 38 CDIPS 1800s,
36,99207324,6011565879115186816,,0.7912,,Stauffer_2021,Stauffer,2021,TESS Sector 65 SPOC 20s TESS Sector 65 SPOC 120s TESS Sector 65 TESS-SPOC 200s TESS Sector 65 QLP 200s TESS Sector 38 CDIPS 1800s,
37,310720311,6053706655144658688,,0.6651,,Stauffer_2021,Stauffer,2021,TESS Sector 64 SPOC 20s TESS Sector 65 SPOC 20s TESS Sector 65 SPOC 120s TESS Sector 64 SPOC 120s TESS Sector 11 TESS-SPOC 1800s TESS Sector 37 TESS-SPOC 600s TESS Sector 38 TESS-SPOC 600s TESS Sector 64 TESS-SPOC 200s TESS Sector 65 TESS-SPOC 200s TESS Sector 11 QLP 1800s TESS Sector 38 QLP 600s TESS Sector 37 QLP 600s TESS Sector 64 QLP 200s TESS Sector 65 QLP 200s TESS Sector 11 TGLC 1800s TESS Sector 11 CDIPS 1800s TESS Sector 38 CDIPS 1800s TESS Sector 37 CDIPS 1800s,
38,405970436,6056701037640956288,,0.5772,,Rebull_2022,Rebull,2022,TESS Sector 11 QLP 1800s TESS Sector 37 QLP 600s TESS Sector 38 QLP 600s TESS Sector 64 QLP 200s TESS Sector 65 QLP 200s TESS Sector 11 CDIPS 1800s TESS Sector 11 TGLC 1800s TESS Sector 37 CDIPS 1800s TESS Sector 38 CDIPS 1800s,
39,406040223,6057147611155597440,,0.3242,,Stauffer_2021,Stauffer,2021,TESS Sector 64 SPOC 20s TESS Sector 65 SPOC 20s TESS Sector 64 SPOC 120s TESS Sector 65 SPOC 120s TESS Sector 64 TESS-SPOC 200s TESS Sector 65 TESS-SPOC 200s TESS Sector 11 QLP 1800s TESS Sector 37 QLP 600s TESS Sector 64 QLP 200s TESS Sector 65 QLP 200s TESS Sector 11 CDIPS 1800s TESS Sector 11 TGLC 1800s TESS Sector 37 CDIPS 1800s TESS Sector 38 CDIPS 1800s,
40,207621404,6064353054428529152,,0.4514,,Stauffer_2021,Stauffer,2021,TESS Sector 65 SPOC 20s TESS Sector 65 SPOC 120s TESS Sector 65 TESS-SPOC 200s TESS Sector 11 QLP 1800s TESS Sector 38 QLP 600s TESS Sector 65 QLP 200s TESS Sector 11 CDIPS 1800s TESS Sector 11 TGLC 1800s TESS Sector 38 CDIPS 1800s,
41,405695928,6073671037505307904,,1.3392,,Rebull_2022,Rebull,2022,TESS Sector 37 SPOC 120s TESS Sector 38 SPOC 120s TESS Sector 37 TESS-SPOC 600s TESS Sector 38 TESS-SPOC 600s TESS Sector 11 QLP 1800s TESS Sector 37 QLP 600s TESS Sector 38 QLP 600s TESS Sector 64 QLP 200s TESS Sector 11 CDIPS 1800s TESS Sector 11 TGLC 1800s TESS Sector 37 CDIPS 1800s TESS Sector 38 CDIPS 1800s,
42,273821594,6074279754632630272,,0.6642,,Rebull_2022,Rebull,2022,TESS Sector 10 QLP 1800s TESS Sector 11 QLP 1800s TESS Sector 37 QLP 600s TESS Sector 38 QLP 600s TESS Sector 64 QLP 200s TESS Sector 10 CDIPS 1800s TESS Sector 11 CDIPS 1800s TESS Sector 10 GSFC-ELEANOR-LITE 1800s TESS Sector 10 TGLC 1800s TESS Sector 11 TGLC 1800s TESS Sector 37 CDIPS 1800s TESS Sector 38 CDIPS 1800s,
43,419779703,6074797246644014720,,0.3689,,Rebull_2022,Rebull,2022,TESS Sector 11 QLP 1800s TESS Sector 37 QLP 600s TESS Sector 38 QLP 600s TESS Sector 64 QLP 200s TESS Sector 11 CDIPS 1800s TESS Sector 11 TGLC 1800s TESS Sector 37 CDIPS 1800s TESS Sector 38 CDIPS 1800s,
44,398768350,6075429981240520704,,0.4899,,Stauffer_2021,Stauffer,2021,TESS Sector 10 QLP 1800s TESS Sector 11 QLP 1800s TESS Sector 37 QLP 600s TESS Sector 10 CDIPS 1800s TESS Sector 11 CDIPS 1800s TESS Sector 10 GSFC-ELEANOR-LITE 1800s TESS Sector 10 TGLC 1800s TESS Sector 11 TGLC 1800s TESS Sector 37 CDIPS 1800s,
45,288093002,6076050346312676608,,0.4315,,Stauffer_2021,Stauffer,2021,TESS Sector 64 SPOC 20s TESS Sector 64 SPOC 120s TESS Sector 64 TESS-SPOC 200s TESS Sector 10 QLP 1800s TESS Sector 11 QLP 1800s TESS Sector 37 QLP 600s TESS Sector 64 QLP 200s TESS Sector 10 CDIPS 1800s TESS Sector 11 CDIPS 1800s TESS Sector 10 GSFC-ELEANOR-LITE 1800s TESS Sector 10 TGLC 1800s TESS Sector 11 TGLC 1800s TESS Sector 37 CDIPS 1800s,
46,161734785,6079297818307636096,,0.3487,,Stauffer_2021,Stauffer,2021,TESS Sector 64 SPOC 20s TESS Sector 64 SPOC 120s TESS Sector 64 TESS-SPOC 200s TESS Sector 37 QLP 600s TESS Sector 64 QLP 200s TESS Sector 10 CDIPS 1800s TESS Sector 11 CDIPS 1800s TESS Sector 10 GSFC-ELEANOR-LITE 1800s TESS Sector 10 TGLC 1800s TESS Sector 11 TGLC 1800s TESS Sector 37 CDIPS 1800s,
47,165904363,6079467216120374784,,1.4963,,Rebull_2022,Rebull,2022,TESS Sector 64 SPOC 120s TESS Sector 64 TESS-SPOC 200s TESS Sector 10 QLP 1800s TESS Sector 11 QLP 1800s TESS Sector 37 QLP 600s TESS Sector 64 QLP 200s TESS Sector 10 CDIPS 1800s TESS Sector 11 CDIPS 1800s TESS Sector 10 GSFC-ELEANOR-LITE 1800s TESS Sector 10 TGLC 1800s TESS Sector 11 TGLC 1800s TESS Sector 37 CDIPS 1800s,
48,404335106,6081131979803083136,,2.9329,,Rebull_2022,Rebull,2022,TESS Sector 11 QLP 1800s TESS Sector 37 QLP 600s TESS Sector 64 QLP 200s TESS Sector 11 TGLC 1800s TESS Sector 37 CDIPS 1800s,
49,404387832,6081508322019767296,,0.4423,,Rebull_2022,Rebull,2022,TESS Sector 11 QLP 1800s TESS Sector 37 QLP 600s TESS Sector 38 QLP 600s TESS Sector 64 QLP 200s TESS Sector 11 CDIPS 1800s TESS Sector 11 TGLC 1800s TESS Sector 37 CDIPS 1800s TESS Sector 38 CDIPS 1800s,
50,328906141,6089133916200093696,,0.463,,Stauffer_2021,Stauffer,2021,TESS Sector 65 SPOC 20s TESS Sector 65 SPOC 120s TESS Sector 65 TESS-SPOC 200s TESS Sector 65 QLP 200s TESS Sector 11 CDIPS 1800s TESS Sector 11 TGLC 1800s TESS Sector 38 CDIPS 1800s,
51,329694185,6089460471148907008,,0.2726,,Rebull_2022,Rebull,2022,TESS Sector 65 QLP 200s TESS Sector 11 CDIPS 1800s TESS Sector 11 TGLC 1800s TESS Sector 38 CDIPS 1800s,
52,330560000,6089681782226103680,,1.3899,,Stauffer_2021,Stauffer,2021,TESS Sector 65 SPOC 20s TESS Sector 65 SPOC 120s TESS Sector 65 TESS-SPOC 200s TESS Sector 65 QLP 200s TESS Sector 11 TGLC 1800s TESS Sector 38 CDIPS 1800s,
53,211513644,6091694403899673728,,0.6336,,Stauffer_2021,Stauffer,2021,TESS Sector 65 SPOC 20s TESS Sector 65 SPOC 120s TESS Sector 65 TESS-SPOC 200s TESS Sector 11 QLP 1800s TESS Sector 65 QLP 200s TESS Sector 11 CDIPS 1800s TESS Sector 11 TGLC 1800s,
54,242407571,6095898695842130048,,0.4722,,Stauffer_2021,Stauffer,2021,TESS Sector 65 SPOC 20s TESS Sector 65 SPOC 120s TESS Sector 11 TESS-SPOC 1800s TESS Sector 38 TESS-SPOC 600s TESS Sector 65 TESS-SPOC 200s TESS Sector 11 QLP 1800s TESS Sector 38 QLP 600s TESS Sector 65 QLP 200s TESS Sector 11 CDIPS 1800s TESS Sector 11 TGLC 1800s TESS Sector 38 CDIPS 1800s,
55,127866051,6097896886430083712,,0.7988,,Rebull_2022,Rebull,2022,TESS Sector 65 QLP 200s TESS Sector 11 CDIPS 1800s TESS Sector 11 TGLC 1800s,
56,127246012,6099073363870236800,,0.4274,,Rebull_2022,Rebull,2022,TESS Sector 65 QLP 200s TESS Sector 11 CDIPS 1800s TESS Sector 11 TGLC 1800s TESS Sector 38 CDIPS 1800s,
57,129309458,6100482559819865856,,0.5533,,Rebull_2022,Rebull,2022,TESS Sector 11 QLP 1800s TESS Sector 38 QLP 600s TESS Sector 65 QLP 200s TESS Sector 11 CDIPS 1800s TESS Sector 11 TGLC 1800s TESS Sector 38 CDIPS 1800s,
58,127309526,6102553352528751104,,0.217,,Stauffer_2021,Stauffer,2021,TESS Sector 65 SPOC 20s TESS Sector 65 SPOC 120s TESS Sector 65 TESS-SPOC 200s TESS Sector 11 QLP 1800s TESS Sector 38 QLP 600s TESS Sector 65 QLP 200s TESS Sector 11 CDIPS 1800s TESS Sector 11 TGLC 1800s TESS Sector 38 CDIPS 1800s,
59,241884143,6103443682068685696,,0.2695,,Rebull_2022,Rebull,2022,TESS Sector 11 QLP 1800s TESS Sector 38 QLP 600s TESS Sector 65 QLP 200s TESS Sector 11 CDIPS 1800s TESS Sector 11 TGLC 1800s TESS Sector 38 CDIPS 1800s,
60,243499565,6106993554140699520,,1.1947,,Stauffer_2021,Stauffer,2021,TESS Sector 38 SPOC 120s TESS Sector 64 SPOC 20s TESS Sector 64 SPOC 120s TESS Sector 38 TESS-SPOC 600s TESS Sector 64 TESS-SPOC 200s TESS Sector 11 QLP 1800s TESS Sector 38 QLP 600s TESS Sector 64 QLP 200s TESS Sector 11 CDIPS 1800s TESS Sector 11 TGLC 1800s TESS Sector 38 CDIPS 1800s,
61,243449997,6107289533226214400,,0.3827,,Rebull_2022,Rebull,2022,TESS Sector 64 QLP 200s TESS Sector 11 CDIPS 1800s TESS Sector 11 TGLC 1800s TESS Sector 38 CDIPS 1800s,
62,243611773,6108669214161311616,,0.349,,Stauffer_2021,Stauffer,2021,TESS Sector 64 SPOC 20s TESS Sector 64 SPOC 120s TESS Sector 64 TESS-SPOC 200s TESS Sector 64 QLP 200s TESS Sector 11 CDIPS 1800s TESS Sector 11 TGLC 1800s TESS Sector 38 CDIPS 1800s,
63,243381460,6111548074901230080,,0.3684,,Stauffer_2021,Stauffer,2021,TESS Sector 11 TESS-SPOC 1800s TESS Sector 38 TESS-SPOC 600s TESS Sector 11 QLP 1800s TESS Sector 38 QLP 600s TESS Sector 64 QLP 200s TESS Sector 11 CDIPS 1800s TESS Sector 11 TGLC 1800s TESS Sector 38 CDIPS 1800s,
64,179367270,6117102949382766976,,2.6435,,Rebull_2022,Rebull,2022,TESS Sector 38 SPOC 120s TESS Sector 38 TESS-SPOC 600s TESS Sector 11 QLP 1800s TESS Sector 38 QLP 600s TESS Sector 11 CDIPS 1800s TESS Sector 11 TGLC 1800s TESS Sector 38 CDIPS 1800s,
65,248145126,6135268015342940928,,0.3504,,Stauffer_2021,Stauffer,2021,TESS Sector 64 SPOC 20s TESS Sector 64 SPOC 120s TESS Sector 64 TESS-SPOC 200s TESS Sector 37 QLP 600s TESS Sector 64 QLP 200s TESS Sector 10 CDIPS 1800s TESS Sector 11 CDIPS 1800s TESS Sector 10 GSFC-ELEANOR-LITE 1800s TESS Sector 10 TGLC 1800s TESS Sector 11 TGLC 1800s TESS Sector 37 CDIPS 1800s,
66,135162879,6148164290302297600,,0.3775,,Stauffer_2021,Stauffer,2021,TESS Sector 64 SPOC 20s TESS Sector 64 SPOC 120s TESS Sector 64 TESS-SPOC 200s TESS Sector 37 QLP 600s TESS Sector 64 QLP 200s TESS Sector 10 CDIPS 1800s TESS Sector 10 GSFC-ELEANOR-LITE 1800s TESS Sector 10 TGLC 1800s TESS Sector 37 CDIPS 1800s,
67,121840452,6197960106773771776,,0.3785,,Stauffer_2021,Stauffer,2021,TESS Sector 65 SPOC 20s TESS Sector 65 SPOC 120s TESS Sector 65 TESS-SPOC 200s TESS Sector 11 QLP 1800s TESS Sector 38 QLP 600s TESS Sector 65 QLP 200s TESS Sector 11 TGLC 1800s TESS Sector 38 CDIPS 1800s,
68,461643692,6204205642057395456,,0.4115,,Stauffer_2021,Stauffer,2021,TESS Sector 65 SPOC 20s TESS Sector 65 SPOC 120s TESS Sector 65 TESS-SPOC 200s TESS Sector 65 QLP 200s TESS Sector 11 CDIPS 1800s TESS Sector 11 TGLC 1800s,
69,272398365,6207552413714047488,,0.4841,,Rebull_2022,Rebull,2022,TESS Sector 65 QLP 200s TESS Sector 11 CDIPS 1800s TESS Sector 11 TGLC 1800s TESS Sector 38 CDIPS 1800s,
70,440686535,64933037865353600,211013604,0.4627,,Rebull_2016,Rebull,2016,TESS Sector 42 SPOC 120s TESS Sector 43 SPOC 120s TESS Sector 42 TESS-SPOC 600s TESS Sector 43 TESS-SPOC 600s TESS Sector 44 TESS-SPOC 600s TESS Sector 70 TESS-SPOC 200s TESS Sector 71 TESS-SPOC 200s TESS Sector 42 QLP 600s TESS Sector 43 QLP 600s TESS Sector 44 QLP 600s TESS Sector 70 QLP 200s TESS Sector 71 QLP 200s TESS Sector 42 CDIPS 1800s TESS Sector 43 CDIPS 1800s TESS Sector 44 CDIPS 1800s,K2 Campaign 04 K2 1800s K2 Campaign 04 EVEREST 1800s K2 Campaign 04 K2SC 1800s K2 Campaign 04 K2SFF 1800s K2 Campaign 04 K2VARCAT 1800s
71,440690770,64933621980897536,211016654,0.2671,,Rebull_2016,Rebull,2016,TESS Sector 70 SPOC 120s TESS Sector 71 SPOC 120s TESS Sector 70 TESS-SPOC 200s TESS Sector 71 TESS-SPOC 200s TESS Sector 42 QLP 600s TESS Sector 43 QLP 600s TESS Sector 44 QLP 600s TESS Sector 70 QLP 200s TESS Sector 71 QLP 200s TESS Sector 42 CDIPS 1800s TESS Sector 43 CDIPS 1800s TESS Sector 44 CDIPS 1800s,K2 Campaign 04 K2 1800s K2 Campaign 04 EVEREST 1800s K2 Campaign 04 K2SC 1800s K2 Campaign 04 K2SFF 1800s K2 Campaign 04 K2VARCAT 1800s
72,67768181,65232757863112192,211047687,0.3049,,Rebull_2016,Rebull,2016,TESS Sector 44 SPOC 120s TESS Sector 43 SPOC 120s TESS Sector 42 SPOC 120s TESS Sector 70 SPOC 120s TESS Sector 71 SPOC 120s TESS Sector 42 TESS-SPOC 600s TESS Sector 43 TESS-SPOC 600s TESS Sector 44 TESS-SPOC 600s TESS Sector 71 TESS-SPOC 200s TESS Sector 70 TESS-SPOC 200s TESS Sector 42 QLP 600s TESS Sector 44 QLP 600s TESS Sector 43 QLP 600s TESS Sector 71 QLP 200s TESS Sector 70 QLP 200s TESS Sector 44 CDIPS 1800s TESS Sector 43 CDIPS 1800s TESS Sector 42 CDIPS 1800s,K2 Campaign 04 K2 1800s K2 Campaign 04 EVEREST 1800s K2 Campaign 04 K2SC 1800s K2 Campaign 04 K2SFF 1800s K2 Campaign 04 K2VARCAT 1800s
73,14334105,65910602485240576,211057712,0.2775,,Rebull_2016,Rebull,2016,TESS Sector 43 CDIPS 1800s TESS Sector 44 CDIPS 1800s,K2 Campaign 04 K2 1800s K2 Campaign 04 EVEREST 1800s K2 Campaign 04 K2SC 1800s K2 Campaign 04 K2SFF 1800s K2 Campaign 04 K2VARCAT 1800s
74,353927317,68183331674900864,211070495,0.606,,Rebull_2016,Rebull,2016,TESS Sector 42 SPOC 120s TESS Sector 43 SPOC 120s TESS Sector 44 SPOC 120s TESS Sector 42 TESS-SPOC 600s TESS Sector 43 TESS-SPOC 600s TESS Sector 44 TESS-SPOC 600s TESS Sector 42 CDIPS 1800s TESS Sector 43 CDIPS 1800s TESS Sector 44 CDIPS 1800s,K2 Campaign 04 K2 1800s K2 Campaign 04 EVEREST 1800s K2 Campaign 04 K2SC 1800s K2 Campaign 04 K2SFF 1800s K2 Campaign 04 K2VARCAT 1800s
75,165184400,5046815924054174848,,0.66321,,Popinchalk_2023,Popinchalk,2023,TESS Sector 04 SPOC 120s TESS Sector 31 SPOC 120s TESS Sector 30 SPOC 120s TESS Sector 04 TESS-SPOC 1800s TESS Sector 31 TESS-SPOC 600s TESS Sector 30 TESS-SPOC 600s TESS Sector 03 QLP 1800s TESS Sector 04 QLP 1800s TESS Sector 30 QLP 600s TESS Sector 31 QLP 600s TESS Sector 04 TGLC 1800s TESS Sector 03 TGLC 1800s TESS Sector 03 TASOC 1800s TESS Sector 04 GSFC-ELEANOR-LITE 1800s TESS Sector 03 GSFC-ELEANOR-LITE 1800s TESS Sector 03 TASOC 1800s TESS Sector 31 CDIPS 1800s TESS Sector 30 CDIPS 1800s,
76,465268712,5239392538122310400,,0.31898,,Popinchalk_2024,Popinchalk,2024,TESS Sector 37 QLP 600s TESS Sector 64 QLP 200s TESS Sector 65 QLP 200s TESS Sector 90 QLP 200s TESS Sector 10 CDIPS 1800s TESS Sector 11 CDIPS 1800s TESS Sector 10 GSFC-ELEANOR-LITE 1800s TESS Sector 10 TGLC 1800s TESS Sector 11 TGLC 1800s TESS Sector 37 CDIPS 1800s TESS Sector 38 CDIPS 1800s,
77,370829038,5247506723457135104,,0.35479,,Popinchalk_2024,Popinchalk,2024,TESS Sector 90 SPOC 120s TESS Sector 10 QLP 1800s TESS Sector 09 QLP 1800s TESS Sector 11 QLP 1800s TESS Sector 36 QLP 600s TESS Sector 38 QLP 600s TESS Sector 63 QLP 200s TESS Sector 64 QLP 200s TESS Sector 90 QLP 200s TESS Sector 09 GSFC-ELEANOR-LITE 1800s TESS Sector 10 GSFC-ELEANOR-LITE 1800s TESS Sector 11 CDIPS 1800s TESS Sector 10 CDIPS 1800s TESS Sector 11 TGLC 1800s TESS Sector 09 TGLC 1800s TESS Sector 10 TGLC 1800s TESS Sector 09 CDIPS 1800s TESS Sector 38 CDIPS 1800s TESS Sector 36 CDIPS 1800s,
78,342456426,5319023224634030464,,0.39463,,Popinchalk_2024,Popinchalk,2024,TESS Sector 63 SPOC 120s TESS Sector 62 SPOC 120s TESS Sector 61 SPOC 120s TESS Sector 90 SPOC 120s TESS Sector 88 SPOC 120s TESS Sector 89 SPOC 120s TESS Sector 63 TESS-SPOC 200s TESS Sector 62 TESS-SPOC 200s TESS Sector 61 TESS-SPOC 200s TESS Sector 08 QLP 1800s TESS Sector 09 QLP 1800s TESS Sector 10 QLP 1800s TESS Sector 34 QLP 600s TESS Sector 35 QLP 600s TESS Sector 36 QLP 600s TESS Sector 63 QLP 200s TESS Sector 62 QLP 200s TESS Sector 61 QLP 200s TESS Sector 88 QLP 200s TESS Sector 89 QLP 200s TESS Sector 90 QLP 200s TESS Sector 10 GSFC-ELEANOR-LITE 1800s TESS Sector 09 GSFC-ELEANOR-LITE 1800s TESS Sector 08 GSFC-ELEANOR-LITE 1800s TESS Sector 08 TGLC 1800s TESS Sector 09 TGLC 1800s TESS Sector 10 TGLC 1800s TESS Sector 10 CDIPS 1800s TESS Sector 09 CDIPS 1800s TESS Sector 08 CDIPS 1800s TESS Sector 36 CDIPS 1800s TESS Sector 35 CDIPS 1800s TESS Sector 34 CDIPS 1800s,
79,92740519,5321261452356605440,,0.47108,,Popinchalk_2024,Popinchalk,2024,TESS Sector 90 SPOC 120s TESS Sector 89 SPOC 120s TESS Sector 09 QLP 1800s TESS Sector 08 QLP 1800s TESS Sector 36 QLP 600s TESS Sector 35 QLP 600s TESS Sector 61 QLP 200s TESS Sector 62 QLP 200s TESS Sector 89 QLP 200s TESS Sector 90 QLP 200s TESS Sector 08 GSFC-ELEANOR-LITE 1800s TESS Sector 09 CDIPS 1800s TESS Sector 08 TGLC 1800s TESS Sector 09 TGLC 1800s TESS Sector 09 GSFC-ELEANOR-LITE 1800s TESS Sector 08 CDIPS 1800s TESS Sector 36 CDIPS 1800s TESS Sector 35 CDIPS 1800s,
80,353730181,144329975098261504,,0.56291667,,Bouma_2024,Bouma,2024,TESS Sector 43 SPOC 120s TESS Sector 44 SPOC 120s TESS Sector 70 SPOC 120s TESS Sector 71 SPOC 120s TESS Sector 43 TESS-SPOC 600s TESS Sector 44 TESS-SPOC 600s TESS Sector 70 TESS-SPOC 200s TESS Sector 71 TESS-SPOC 200s TESS Sector 43 QLP 600s TESS Sector 44 QLP 600s TESS Sector 70 QLP 200s TESS Sector 71 QLP 200s TESS Sector 43 CDIPS 1800s TESS Sector 44 CDIPS 1800s,
81,368129164,1450067137649786752,,0.26833333,,Bouma_2024,Bouma,2024,TESS Sector 23 SPOC 120s TESS Sector 50 SPOC 20s TESS Sector 50 SPOC 120s TESS Sector 77 SPOC 120s TESS Sector 23 TESS-SPOC 1800s TESS Sector 50 TESS-SPOC 600s TESS Sector 23 QLP 1800s TESS Sector 50 QLP 600s TESS Sector 77 QLP 200s,
82,267953787,149327461604161408,,0.7275,,Bouma_2024,Bouma,2024,TESS Sector 43 SPOC 120s TESS Sector 44 SPOC 120s TESS Sector 70 SPOC 120s TESS Sector 71 SPOC 120s TESS Sector 43 TESS-SPOC 600s TESS Sector 44 TESS-SPOC 600s TESS Sector 70 TESS-SPOC 200s TESS Sector 71 TESS-SPOC 200s TESS Sector 43 QLP 600s TESS Sector 44 QLP 600s TESS Sector 70 QLP 200s TESS Sector 71 QLP 200s,
83,59836633,154779286930692352,,0.62333333,,Bouma_2024,Bouma,2024,TESS Sector 43 SPOC 120s TESS Sector 44 SPOC 120s TESS Sector 43 TESS-SPOC 600s TESS Sector 44 TESS-SPOC 600s TESS Sector 71 TESS-SPOC 200s TESS Sector 43 QLP 600s TESS Sector 44 QLP 600s TESS Sector 71 QLP 200s TESS Sector 43 CDIPS 1800s TESS Sector 44 CDIPS 1800s,
84,2234692,181104928193233408,,0.27166667,,Bouma_2024,Bouma,2024,TESS Sector 19 SPOC 120s TESS Sector 45 SPOC 120s TESS Sector 44 SPOC 120s TESS Sector 43 SPOC 120s TESS Sector 71 SPOC 120s TESS Sector 73 SPOC 120s TESS Sector 86 SPOC 120s TESS Sector 19 TESS-SPOC 1800s TESS Sector 45 TESS-SPOC 600s TESS Sector 44 TESS-SPOC 600s TESS Sector 43 TESS-SPOC 600s TESS Sector 71 TESS-SPOC 200s TESS Sector 73 TESS-SPOC 200s TESS Sector 19 QLP 1800s TESS Sector 45 QLP 600s TESS Sector 44 QLP 600s TESS Sector 43 QLP 600s TESS Sector 59 QLP 200s TESS Sector 73 QLP 200s TESS Sector 71 QLP 200s TESS Sector 86 QLP 200s,
85,332517282,2330466915715754112,,0.40291667,,Zhan_2019,Zhan,2019,TESS Sector 02 SPOC 120s TESS Sector 29 SPOC 120s TESS Sector 69 SPOC 20s TESS Sector 69 SPOC 120s TESS Sector 02 TESS-SPOC 1800s TESS Sector 29 TESS-SPOC 600s TESS Sector 69 TESS-SPOC 200s TESS Sector 02 QLP 1800s TESS Sector 29 QLP 600s TESS Sector 69 QLP 200s TESS Sector 02 TASOC 120s TESS Sector 02 TASOC 1800s TESS Sector 02 TGLC 1800s TESS Sector 02 T16 1800s TESS Sector 02 GSFC-ELEANOR-LITE 1800s TESS Sector 02 TASOC 1800s TESS Sector 29 CDIPS 1800s,
86,146539195,2962794236080240128,,0.28041667,,Bouma_2024,Bouma,2024,TESS Sector 05 SPOC 120s TESS Sector 32 SPOC 20s TESS Sector 32 SPOC 120s TESS Sector 05 TESS-SPOC 1800s TESS Sector 32 TESS-SPOC 600s TESS Sector 05 QLP 1800s TESS Sector 32 QLP 600s TESS Sector 05 TASOC 120s TESS Sector 05 GSFC-ELEANOR-LITE 1800s TESS Sector 05 TASOC 1800s TESS Sector 05 TASOC 1800s TESS Sector 05 TGLC 1800s,
87,264599508,3156962079670742528,,0.32916667,,Bouma_2024,Bouma,2024,TESS Sector 07 SPOC 120s TESS Sector 33 SPOC 20s TESS Sector 33 SPOC 120s TESS Sector 46 SPOC 120s TESS Sector 45 SPOC 120s TESS Sector 44 SPOC 120s TESS Sector 71 SPOC 120s TESS Sector 72 SPOC 120s TESS Sector 87 SPOC 120s TESS Sector 07 TESS-SPOC 1800s TESS Sector 33 TESS-SPOC 600s TESS Sector 44 TESS-SPOC 600s TESS Sector 45 TESS-SPOC 600s TESS Sector 46 TESS-SPOC 600s TESS Sector 72 TESS-SPOC 200s TESS Sector 71 TESS-SPOC 200s TESS Sector 07 QLP 1800s TESS Sector 33 QLP 600s TESS Sector 45 QLP 600s TESS Sector 44 QLP 600s TESS Sector 46 QLP 600s TESS Sector 71 QLP 200s TESS Sector 72 QLP 200s TESS Sector 87 QLP 200s TESS Sector 07 GSFC-ELEANOR-LITE 1800s TESS Sector 07 TGLC 1800s TESS Sector 07 CDIPS 1800s TESS Sector 33 CDIPS 1800s TESS Sector 46 CDIPS 1800s TESS Sector 45 CDIPS 1800s TESS Sector 44 CDIPS 1800s,
88,50745567,3216729878197029120,,0.26416667,,Bouma_2024,Bouma,2024,TESS Sector 06 SPOC 120s TESS Sector 32 SPOC 20s TESS Sector 32 SPOC 120s TESS Sector 06 TESS-SPOC 1800s TESS Sector 32 TESS-SPOC 600s TESS Sector 06 QLP 1800s TESS Sector 32 QLP 600s TESS Sector 06 TASOC 120s TESS Sector 06 CDIPS 1800s TESS Sector 06 GSFC-ELEANOR-LITE 1800s TESS Sector 06 TASOC 1800s TESS Sector 06 TASOC 1800s TESS Sector 06 TGLC 1800s TESS Sector 32 CDIPS 1800s,
89,38539720,3244410500033689728,,0.38166667,,Bouma_2024,Bouma,2024,TESS Sector 31 SPOC 120s TESS Sector 31 TESS-SPOC 600s TESS Sector 31 QLP 600s TESS Sector 31 CDIPS 1800s,
90,311092148,3274291270411229056,,0.3275,,Bouma_2024,Bouma,2024,TESS Sector 31 SPOC 120s TESS Sector 31 TESS-SPOC 600s TESS Sector 31 QLP 600s TESS Sector 31 CDIPS 1800s,
91,68812630,3408524670748967808,,0.37666667,,Bouma_2024,Bouma,2024,TESS Sector 43 SPOC 120s TESS Sector 44 SPOC 120s TESS Sector 71 SPOC 120s TESS Sector 43 TESS-SPOC 600s TESS Sector 44 TESS-SPOC 600s TESS Sector 71 TESS-SPOC 200s TESS Sector 43 QLP 600s TESS Sector 44 QLP 600s TESS Sector 71 QLP 200s TESS Sector 43 CDIPS 1800s TESS Sector 44 CDIPS 1800s,
92,118449916,3410376454489356416,,0.51291667,,Bouma_2024,Bouma,2024,TESS Sector 43 SPOC 120s TESS Sector 44 SPOC 120s TESS Sector 70 SPOC 120s TESS Sector 71 SPOC 120s TESS Sector 43 TESS-SPOC 600s TESS Sector 44 TESS-SPOC 600s TESS Sector 70 TESS-SPOC 200s TESS Sector 71 TESS-SPOC 200s TESS Sector 43 QLP 600s TESS Sector 44 QLP 600s TESS Sector 70 QLP 200s TESS Sector 71 QLP 200s,
93,142173958,3465944500845668224,,0.49,,Bouma_2024,Bouma,2024,TESS Sector 10 SPOC 120s TESS Sector 37 SPOC 20s TESS Sector 37 SPOC 120s TESS Sector 90 SPOC 120s TESS Sector 10 TESS-SPOC 1800s TESS Sector 37 TESS-SPOC 600s TESS Sector 63 TESS-SPOC 200s TESS Sector 10 QLP 1800s TESS Sector 37 QLP 600s TESS Sector 63 QLP 200s TESS Sector 90 QLP 200s TESS Sector 10 CDIPS 1800s TESS Sector 10 GSFC-ELEANOR-LITE 1800s TESS Sector 10 TGLC 1800s TESS Sector 37 CDIPS 1800s,
94,193831684,4042180300005971200,,1.2925,,Bouma_2024,Bouma,2024,TESS Sector 13 SPOC 120s TESS Sector 39 SPOC 120s TESS Sector 66 SPOC 120s TESS Sector 91 SPOC 120s TESS Sector 92 SPOC 120s TESS Sector 13 TESS-SPOC 1800s TESS Sector 39 TESS-SPOC 600s TESS Sector 66 TESS-SPOC 200s TESS Sector 13 QLP 1800s TESS Sector 39 QLP 600s TESS Sector 66 QLP 200s TESS Sector 91 QLP 200s TESS Sector 92 QLP 200s TESS Sector 39 CDIPS 1800s,
95,38820496,4703815338965472768,,0.65541667,,Zhan_2019,Zhan,2019,TESS Sector 02 SPOC 120s TESS Sector 01 SPOC 120s TESS Sector 28 SPOC 120s TESS Sector 27 SPOC 120s TESS Sector 68 SPOC 20s TESS Sector 68 SPOC 120s TESS Sector 02 TESS-SPOC 1800s TESS Sector 01 TESS-SPOC 1800s TESS Sector 28 TESS-SPOC 600s TESS Sector 27 TESS-SPOC 600s TESS Sector 68 TESS-SPOC 200s TESS Sector 27 QLP 600s TESS Sector 28 QLP 600s TESS Sector 68 QLP 200s TESS Sector 01 TASOC 120s TESS Sector 02 TASOC 120s TESS Sector 02 TASOC 1800s TESS Sector 02 TASOC 1800s TESS Sector 01 TASOC 1800s TESS Sector 01 TASOC 1800s TESS Sector 02 T16 1800s TESS Sector 01 TGLC 1800s TESS Sector 02 TGLC 1800s TESS Sector 01 T16 1800s TESS Sector 02 GSFC-ELEANOR-LITE 1800s TESS Sector 01 GSFC-ELEANOR-LITE 1800s TESS Sector 28 CDIPS 1800s TESS Sector 27 CDIPS 1800s,
96,201898222,4741424237273655040,,0.44583333,,Bouma_2024,Bouma,2024,TESS Sector 03 SPOC 120s TESS Sector 02 SPOC 120s TESS Sector 30 SPOC 120s TESS Sector 29 SPOC 120s TESS Sector 03 TESS-SPOC 1800s TESS Sector 02 TESS-SPOC 1800s TESS Sector 29 TESS-SPOC 600s TESS Sector 30 TESS-SPOC 600s TESS Sector 69 TESS-SPOC 200s TESS Sector 02 QLP 1800s TESS Sector 03 QLP 1800s TESS Sector 29 QLP 600s TESS Sector 30 QLP 600s TESS Sector 69 QLP 200s TESS Sector 02 T16 1800s TESS Sector 03 GSFC-ELEANOR-LITE 1800s TESS Sector 02 TGLC 1800s TESS Sector 03 TGLC 1800s TESS Sector 02 GSFC-ELEANOR-LITE 1800s TESS Sector 30 CDIPS 1800s TESS Sector 29 CDIPS 1800s,
97,201789285,4742436853122727040,,0.15166667,,Zhan_2019,Zhan,2019,TESS Sector 03 SPOC 120s TESS Sector 02 SPOC 120s TESS Sector 30 SPOC 120s TESS Sector 29 SPOC 120s TESS Sector 69 SPOC 20s TESS Sector 69 SPOC 120s TESS Sector 03 TESS-SPOC 1800s TESS Sector 02 TESS-SPOC 1800s TESS Sector 29 TESS-SPOC 600s TESS Sector 30 TESS-SPOC 600s TESS Sector 69 TESS-SPOC 200s TESS Sector 69 QLP 200s TESS Sector 02 TASOC 120s TESS Sector 03 TASOC 120s TESS Sector 02 GSFC-ELEANOR-LITE 1800s TESS Sector 03 GSFC-ELEANOR-LITE 1800s TESS Sector 03 TGLC 1800s TESS Sector 03 TASOC 1800s TESS Sector 02 TASOC 1800s TESS Sector 02 T16 1800s TESS Sector 02 TASOC 1800s TESS Sector 03 TASOC 1800s TESS Sector 02 TGLC 1800s TESS Sector 30 CDIPS 1800s TESS Sector 29 CDIPS 1800s,
98,144486786,4809722429257648768,,0.28416667,,Bouma_2024,Bouma,2024,TESS Sector 06 SPOC 120s TESS Sector 05 SPOC 120s TESS Sector 33 SPOC 20s TESS Sector 32 SPOC 20s TESS Sector 32 SPOC 120s TESS Sector 33 SPOC 120s TESS Sector 87 SPOC 120s TESS Sector 05 TESS-SPOC 1800s TESS Sector 06 TESS-SPOC 1800s TESS Sector 33 TESS-SPOC 600s TESS Sector 32 TESS-SPOC 600s TESS Sector 05 QLP 1800s TESS Sector 06 QLP 1800s TESS Sector 32 QLP 600s TESS Sector 33 QLP 600s TESS Sector 87 QLP 200s TESS Sector 06 TASOC 120s TESS Sector 05 TASOC 120s TESS Sector 05 TGLC 1800s TESS Sector 06 TGLC 1800s TESS Sector 06 TASOC 1800s TESS Sector 06 TASOC 1800s TESS Sector 05 TASOC 1800s TESS Sector 05 TASOC 1800s TESS Sector 06 GSFC-ELEANOR-LITE 1800s TESS Sector 05 GSFC-ELEANOR-LITE 1800s,
99,425937691,4900780511935295872,,0.20083333,,Zhan_2019,Zhan,2019,TESS Sector 01 SPOC 120s TESS Sector 02 SPOC 120s TESS Sector 28 SPOC 120s TESS Sector 69 SPOC 20s TESS Sector 68 SPOC 20s TESS Sector 69 SPOC 120s TESS Sector 68 SPOC 120s TESS Sector 02 TESS-SPOC 1800s TESS Sector 01 TESS-SPOC 1800s TESS Sector 28 TESS-SPOC 600s TESS Sector 69 TESS-SPOC 200s TESS Sector 68 TESS-SPOC 200s TESS Sector 02 QLP 1800s TESS Sector 01 QLP 1800s TESS Sector 28 QLP 600s TESS Sector 68 QLP 200s TESS Sector 69 QLP 200s TESS Sector 01 TASOC 120s TESS Sector 02 TASOC 120s TESS Sector 02 TASOC 1800s TESS Sector 02 TASOC 1800s TESS Sector 01 TASOC 1800s TESS Sector 01 TGLC 1800s TESS Sector 02 TGLC 1800s TESS Sector 01 TASOC 1800s TESS Sector 02 T16 1800s TESS Sector 01 T16 1800s TESS Sector 02 GSFC-ELEANOR-LITE 1800s TESS Sector 01 GSFC-ELEANOR-LITE 1800s TESS Sector 28 CDIPS 1800s,
100,425933644,4905813212878537216,,0.48625,,Zhan_2019,Zhan,2019,TESS Sector 01 SPOC 120s TESS Sector 02 SPOC 120s TESS Sector 29 SPOC 20s TESS Sector 28 SPOC 20s TESS Sector 29 SPOC 120s TESS Sector 28 SPOC 120s TESS Sector 69 SPOC 20s TESS Sector 68 SPOC 20s TESS Sector 69 SPOC 120s TESS Sector 68 SPOC 120s TESS Sector 01 TESS-SPOC 1800s TESS Sector 02 TESS-SPOC 1800s TESS Sector 28 TESS-SPOC 600s TESS Sector 29 TESS-SPOC 600s TESS Sector 69 TESS-SPOC 200s TESS Sector 68 TESS-SPOC 200s TESS Sector 02 QLP 1800s TESS Sector 01 QLP 1800s TESS Sector 29 QLP 600s TESS Sector 28 QLP 600s TESS Sector 69 QLP 200s TESS Sector 68 QLP 200s TESS Sector 02 TASOC 120s TESS Sector 01 TASOC 120s TESS Sector 02 TASOC 1800s TESS Sector 01 TGLC 1800s TESS Sector 02 TGLC 1800s TESS Sector 02 TASOC 1800s TESS Sector 01 TASOC 1800s TESS Sector 01 TASOC 1800s TESS Sector 02 T16 1800s TESS Sector 01 T16 1800s TESS Sector 02 GSFC-ELEANOR-LITE 1800s TESS Sector 01 GSFC-ELEANOR-LITE 1800s TESS Sector 29 CDIPS 1800s TESS Sector 28 CDIPS 1800s,
101,206544316,4909009394396454144,,0.32208333,,Zhan_2019,Zhan,2019,TESS Sector 01 SPOC 120s TESS Sector 02 SPOC 120s TESS Sector 29 SPOC 120s TESS Sector 28 SPOC 120s TESS Sector 68 SPOC 20s TESS Sector 69 SPOC 20s TESS Sector 69 SPOC 120s TESS Sector 68 SPOC 120s TESS Sector 01 TESS-SPOC 1800s TESS Sector 02 TESS-SPOC 1800s TESS Sector 29 TESS-SPOC 600s TESS Sector 28 TESS-SPOC 600s TESS Sector 69 TESS-SPOC 200s TESS Sector 68 TESS-SPOC 200s TESS Sector 02 QLP 1800s TESS Sector 01 QLP 1800s TESS Sector 29 QLP 600s TESS Sector 28 QLP 600s TESS Sector 68 QLP 200s TESS Sector 69 QLP 200s TESS Sector 01 TASOC 120s TESS Sector 02 TASOC 120s TESS Sector 02 TASOC 1800s TESS Sector 02 TASOC 1800s TESS Sector 01 TASOC 1800s TESS Sector 01 TGLC 1800s TESS Sector 02 TGLC 1800s TESS Sector 01 TASOC 1800s TESS Sector 02 T16 1800s TESS Sector 01 T16 1800s TESS Sector 02 GSFC-ELEANOR-LITE 1800s TESS Sector 01 GSFC-ELEANOR-LITE 1800s TESS Sector 29 CDIPS 1800s TESS Sector 28 CDIPS 1800s,
102,178155030,5050451154310013056,,0.48625,,Bouma_2024,Bouma,2024,TESS Sector 04 SPOC 120s TESS Sector 03 SPOC 120s TESS Sector 31 SPOC 120s TESS Sector 30 SPOC 120s TESS Sector 03 TESS-SPOC 1800s TESS Sector 04 TESS-SPOC 1800s TESS Sector 31 TESS-SPOC 600s TESS Sector 30 TESS-SPOC 600s TESS Sector 03 QLP 1800s TESS Sector 04 QLP 1800s TESS Sector 30 QLP 600s TESS Sector 31 QLP 600s TESS Sector 03 TASOC 120s TESS Sector 04 TASOC 120s TESS Sector 04 TGLC 1800s TESS Sector 03 TGLC 1800s TESS Sector 04 TASOC 1800s TESS Sector 03 TASOC 1800s TESS Sector 03 TASOC 1800s TESS Sector 04 GSFC-ELEANOR-LITE 1800s TESS Sector 03 GSFC-ELEANOR-LITE 1800s TESS Sector 04 TASOC 1800s TESS Sector 31 CDIPS 1800s TESS Sector 30 CDIPS 1800s,
103,141306513,5179619856194590080,,0.55666667,,Popinchalk_2023,Popinchalk,2023,TESS Sector 04 SPOC 120s TESS Sector 31 SPOC 120s TESS Sector 04 TESS-SPOC 1800s TESS Sector 31 TESS-SPOC 600s TESS Sector 31 QLP 600s TESS Sector 04 TASOC 120s TESS Sector 04 GSFC-ELEANOR-LITE 1800s TESS Sector 04 TASOC 1800s TESS Sector 04 TASOC 1800s TESS Sector 04 TGLC 1800s TESS Sector 31 CDIPS 1800s,
104,397791443,5239135492911437568,,0.28958333,,Bouma_2024,Bouma,2024,TESS Sector 37 SPOC 120s TESS Sector 38 SPOC 120s TESS Sector 90 SPOC 120s TESS Sector 37 TESS-SPOC 600s TESS Sector 38 TESS-SPOC 600s TESS Sector 10 CDIPS 1800s TESS Sector 11 CDIPS 1800s TESS Sector 10 GSFC-ELEANOR-LITE 1800s TESS Sector 10 PATHOS 1800s TESS Sector 11 PATHOS 1800s TESS Sector 10 TGLC 1800s TESS Sector 11 TGLC 1800s TESS Sector 37 CDIPS 1800s TESS Sector 38 CDIPS 1800s,
105,177309964,5260885172922381824,,0.45333333,,Zhan_2019,Zhan,2019,TESS Sector 02 SPOC 120s TESS Sector 01 SPOC 120s TESS Sector 06 SPOC 120s TESS Sector 03 SPOC 120s TESS Sector 04 SPOC 120s TESS Sector 05 SPOC 120s TESS Sector 07 SPOC 120s TESS Sector 08 SPOC 120s TESS Sector 09 SPOC 120s TESS Sector 10 SPOC 120s TESS Sector 12 SPOC 120s TESS Sector 13 SPOC 120s TESS Sector 11 SPOC 120s TESS Sector 33 SPOC 120s TESS Sector 27 SPOC 120s TESS Sector 28 SPOC 120s TESS Sector 29 SPOC 120s TESS Sector 31 SPOC 120s TESS Sector 30 SPOC 120s TESS Sector 38 SPOC 120s TESS Sector 39 SPOC 120s TESS Sector 37 SPOC 120s TESS Sector 36 SPOC 120s TESS Sector 35 SPOC 120s TESS Sector 34 SPOC 120s TESS Sector 69 SPOC 20s TESS Sector 68 SPOC 20s TESS Sector 67 SPOC 20s TESS Sector 66 SPOC 20s TESS Sector 62 SPOC 20s TESS Sector 65 SPOC 20s TESS Sector 64 SPOC 20s TESS Sector 63 SPOC 20s TESS Sector 61 SPOC 20s TESS Sector 65 SPOC 120s TESS Sector 63 SPOC 120s TESS Sector 66 SPOC 120s TESS Sector 67 SPOC 120s TESS Sector 62 SPOC 120s TESS Sector 68 SPOC 120s TESS Sector 69 SPOC 120s TESS Sector 64 SPOC 120s TESS Sector 61 SPOC 120s TESS Sector 87 SPOC 120s TESS Sector 89 SPOC 120s TESS Sector 90 SPOC 120s TESS Sector 88 SPOC 120s TESS Sector 06 TESS-SPOC 1800s TESS Sector 05 TESS-SPOC 1800s TESS Sector 04 TESS-SPOC 1800s TESS Sector 03 TESS-SPOC 1800s TESS Sector 02 TESS-SPOC 1800s TESS Sector 01 TESS-SPOC 1800s TESS Sector 13 TESS-SPOC 1800s TESS Sector 12 TESS-SPOC 1800s TESS Sector 11 TESS-SPOC 1800s TESS Sector 10 TESS-SPOC 1800s TESS Sector 09 TESS-SPOC 1800s TESS Sector 08 TESS-SPOC 1800s TESS Sector 07 TESS-SPOC 1800s TESS Sector 30 TESS-SPOC 600s TESS Sector 29 TESS-SPOC 600s TESS Sector 28 TESS-SPOC 600s TESS Sector 27 TESS-SPOC 600s TESS Sector 31 TESS-SPOC 600s TESS Sector 33 TESS-SPOC 600s TESS Sector 34 TESS-SPOC 600s TESS Sector 35 TESS-SPOC 600s TESS Sector 36 TESS-SPOC 600s TESS Sector 37 TESS-SPOC 600s TESS Sector 38 TESS-SPOC 600s TESS Sector 39 TESS-SPOC 600s TESS Sector 66 TESS-SPOC 200s TESS Sector 61 TESS-SPOC 200s TESS Sector 62 TESS-SPOC 200s TESS Sector 63 TESS-SPOC 200s TESS Sector 64 TESS-SPOC 200s TESS Sector 65 TESS-SPOC 200s TESS Sector 67 TESS-SPOC 200s TESS Sector 69 TESS-SPOC 200s TESS Sector 68 TESS-SPOC 200s TESS Sector 06 QLP 1800s TESS Sector 01 QLP 1800s TESS Sector 02 QLP 1800s TESS Sector 04 QLP 1800s TESS Sector 05 QLP 1800s TESS Sector 07 QLP 1800s TESS Sector 13 QLP 1800s TESS Sector 11 QLP 1800s TESS Sector 10 QLP 1800s TESS Sector 09 QLP 1800s TESS Sector 08 QLP 1800s TESS Sector 12 QLP 1800s TESS Sector 29 QLP 600s TESS Sector 30 QLP 600s TESS Sector 31 QLP 600s TESS Sector 27 QLP 600s TESS Sector 28 QLP 600s TESS Sector 33 QLP 600s TESS Sector 39 QLP 600s TESS Sector 37 QLP 600s TESS Sector 34 QLP 600s TESS Sector 36 QLP 600s TESS Sector 35 QLP 600s TESS Sector 38 QLP 600s TESS Sector 69 QLP 200s TESS Sector 61 QLP 200s TESS Sector 67 QLP 200s TESS Sector 66 QLP 200s TESS Sector 65 QLP 200s TESS Sector 64 QLP 200s TESS Sector 63 QLP 200s TESS Sector 62 QLP 200s TESS Sector 68 QLP 200s TESS Sector 87 QLP 200s TESS Sector 88 QLP 200s TESS Sector 89 QLP 200s TESS Sector 90 QLP 200s TESS Sector 04 TASOC 120s TESS Sector 01 TASOC 120s TESS Sector 02 TASOC 120s TESS Sector 03 TASOC 120s TESS Sector 05 TASOC 120s TESS Sector 06 TASOC 120s TESS Sector 05 GSFC-ELEANOR-LITE 1800s TESS Sector 04 GSFC-ELEANOR-LITE 1800s TESS Sector 03 GSFC-ELEANOR-LITE 1800s TESS Sector 02 GSFC-ELEANOR-LITE 1800s TESS Sector 01 GSFC-ELEANOR-LITE 1800s TESS Sector 06 GSFC-ELEANOR-LITE 1800s TESS Sector 02 T16 1800s TESS Sector 03 TGLC 1800s TESS Sector 01 TGLC 1800s TESS Sector 02 TASOC 1800s TESS Sector 04 TASOC 1800s TESS Sector 04 TASOC 1800s TESS Sector 05 TASOC 1800s TESS Sector 05 TASOC 1800s TESS Sector 06 TASOC 1800s TESS Sector 06 TASOC 1800s TESS Sector 03 TASOC 1800s TESS Sector 03 TASOC 1800s TESS Sector 01 T16 1800s TESS Sector 04 TGLC 1800s TESS Sector 05 TGLC 1800s TESS Sector 06 TGLC 1800s TESS Sector 02 TASOC 1800s TESS Sector 01 TASOC 1800s TESS Sector 01 TASOC 1800s TESS Sector 02 TGLC 1800s TESS Sector 10 TGLC 1800s TESS Sector 07 GSFC-ELEANOR-LITE 1800s TESS Sector 08 GSFC-ELEANOR-LITE 1800s TESS Sector 09 GSFC-ELEANOR-LITE 1800s TESS Sector 10 GSFC-ELEANOR-LITE 1800s TESS Sector 07 TGLC 1800s TESS Sector 08 TGLC 1800s TESS Sector 09 TGLC 1800s TESS Sector 11 TGLC 1800s TESS Sector 28 CDIPS 1800s TESS Sector 29 CDIPS 1800s TESS Sector 30 CDIPS 1800s TESS Sector 31 CDIPS 1800s TESS Sector 33 CDIPS 1800s TESS Sector 27 CDIPS 1800s TESS Sector 35 CDIPS 1800s TESS Sector 37 CDIPS 1800s TESS Sector 38 CDIPS 1800s TESS Sector 39 CDIPS 1800s TESS Sector 34 CDIPS 1800s TESS Sector 36 CDIPS 1800s,
106,300651846,5275157967723751936,,0.34416667,,Bouma_2024,Bouma,2024,TESS Sector 32 SPOC 20s TESS Sector 33 SPOC 20s TESS Sector 32 SPOC 120s TESS Sector 33 SPOC 120s TESS Sector 34 SPOC 20s TESS Sector 35 SPOC 20s TESS Sector 36 SPOC 20s TESS Sector 37 SPOC 20s TESS Sector 39 SPOC 20s TESS Sector 38 SPOC 20s TESS Sector 39 SPOC 120s TESS Sector 37 SPOC 120s TESS Sector 36 SPOC 120s TESS Sector 35 SPOC 120s TESS Sector 34 SPOC 120s TESS Sector 38 SPOC 120s TESS Sector 62 SPOC 120s TESS Sector 63 SPOC 120s TESS Sector 64 SPOC 120s TESS Sector 65 SPOC 120s TESS Sector 66 SPOC 120s TESS Sector 68 SPOC 120s TESS Sector 69 SPOC 120s TESS Sector 61 SPOC 120s TESS Sector 87 SPOC 120s TESS Sector 89 SPOC 120s TESS Sector 88 SPOC 120s TESS Sector 33 TESS-SPOC 600s TESS Sector 32 TESS-SPOC 600s TESS Sector 34 TESS-SPOC 600s TESS Sector 35 TESS-SPOC 600s TESS Sector 36 TESS-SPOC 600s TESS Sector 37 TESS-SPOC 600s TESS Sector 38 TESS-SPOC 600s TESS Sector 39 TESS-SPOC 600s TESS Sector 65 TESS-SPOC 200s TESS Sector 68 TESS-SPOC 200s TESS Sector 69 TESS-SPOC 200s TESS Sector 61 TESS-SPOC 200s TESS Sector 62 TESS-SPOC 200s TESS Sector 63 TESS-SPOC 200s TESS Sector 64 TESS-SPOC 200s TESS Sector 66 TESS-SPOC 200s TESS Sector 04 QLP 1800s TESS Sector 01 QLP 1800s TESS Sector 02 QLP 1800s TESS Sector 05 QLP 1800s TESS Sector 06 QLP 1800s TESS Sector 12 QLP 1800s TESS Sector 07 QLP 1800s TESS Sector 08 QLP 1800s TESS Sector 09 QLP 1800s TESS Sector 10 QLP 1800s TESS Sector 11 QLP 1800s TESS Sector 31 QLP 600s TESS Sector 27 QLP 600s TESS Sector 28 QLP 600s TESS Sector 33 QLP 600s TESS Sector 32 QLP 600s TESS Sector 29 QLP 600s TESS Sector 39 QLP 600s TESS Sector 38 QLP 600s TESS Sector 37 QLP 600s TESS Sector 36 QLP 600s TESS Sector 35 QLP 600s TESS Sector 34 QLP 600s TESS Sector 68 QLP 200s TESS Sector 62 QLP 200s TESS Sector 69 QLP 200s TESS Sector 66 QLP 200s TESS Sector 65 QLP 200s TESS Sector 64 QLP 200s TESS Sector 63 QLP 200s TESS Sector 61 QLP 200s TESS Sector 87 QLP 200s TESS Sector 89 QLP 200s TESS Sector 88 QLP 200s TESS Sector 04 GSFC-ELEANOR-LITE 1800s TESS Sector 02 GSFC-ELEANOR-LITE 1800s TESS Sector 01 GSFC-ELEANOR-LITE 1800s TESS Sector 01 T16 1800s TESS Sector 04 CDIPS 1800s TESS Sector 02 CDIPS 1800s TESS Sector 05 GSFC-ELEANOR-LITE 1800s TESS Sector 05 CDIPS 1800s TESS Sector 02 T16 1800s TESS Sector 06 GSFC-ELEANOR-LITE 1800s TESS Sector 01 CDIPS 1800s TESS Sector 05 TGLC 1800s TESS Sector 04 TGLC 1800s TESS Sector 02 TGLC 1800s TESS Sector 01 TGLC 1800s TESS Sector 06 TGLC 1800s TESS Sector 10 GSFC-ELEANOR-LITE 1800s TESS Sector 09 GSFC-ELEANOR-LITE 1800s TESS Sector 08 GSFC-ELEANOR-LITE 1800s TESS Sector 08 CDIPS 1800s TESS Sector 09 CDIPS 1800s TESS Sector 10 CDIPS 1800s TESS Sector 11 CDIPS 1800s TESS Sector 12 CDIPS 1800s TESS Sector 07 TGLC 1800s TESS Sector 08 TGLC 1800s TESS Sector 09 TGLC 1800s TESS Sector 10 TGLC 1800s TESS Sector 07 GSFC-ELEANOR-LITE 1800s TESS Sector 11 TGLC 1800s TESS Sector 33 CDIPS 1800s TESS Sector 32 CDIPS 1800s TESS Sector 31 CDIPS 1800s TESS Sector 29 CDIPS 1800s TESS Sector 28 CDIPS 1800s TESS Sector 27 CDIPS 1800s TESS Sector 36 CDIPS 1800s TESS Sector 38 CDIPS 1800s TESS Sector 35 CDIPS 1800s TESS Sector 37 CDIPS 1800s TESS Sector 39 CDIPS 1800s TESS Sector 34 CDIPS 1800s,
107,264767454,5295268619511701760,,0.41708333,,Bouma_2024,Bouma,2024,TESS Sector 10 SPOC 120s TESS Sector 09 SPOC 120s TESS Sector 08 SPOC 120s TESS Sector 37 SPOC 120s TESS Sector 36 SPOC 120s TESS Sector 35 SPOC 120s TESS Sector 34 SPOC 120s TESS Sector 90 SPOC 120s TESS Sector 88 SPOC 120s TESS Sector 89 SPOC 120s TESS Sector 10 TESS-SPOC 1800s TESS Sector 09 TESS-SPOC 1800s TESS Sector 08 TESS-SPOC 1800s TESS Sector 37 TESS-SPOC 600s TESS Sector 34 TESS-SPOC 600s TESS Sector 35 TESS-SPOC 600s TESS Sector 36 TESS-SPOC 600s TESS Sector 07 QLP 1800s TESS Sector 08 QLP 1800s TESS Sector 09 QLP 1800s TESS Sector 10 QLP 1800s TESS Sector 27 QLP 600s TESS Sector 37 QLP 600s TESS Sector 36 QLP 600s TESS Sector 35 QLP 600s TESS Sector 34 QLP 600s TESS Sector 61 QLP 200s TESS Sector 67 QLP 200s TESS Sector 63 QLP 200s TESS Sector 62 QLP 200s TESS Sector 89 QLP 200s TESS Sector 88 QLP 200s TESS Sector 90 QLP 200s TESS Sector 07 TGLC 1800s TESS Sector 08 TGLC 1800s TESS Sector 09 TGLC 1800s TESS Sector 10 TGLC 1800s TESS Sector 10 GSFC-ELEANOR-LITE 1800s TESS Sector 09 GSFC-ELEANOR-LITE 1800s TESS Sector 08 GSFC-ELEANOR-LITE 1800s TESS Sector 07 GSFC-ELEANOR-LITE 1800s,
108,89463560,5314298588812179328,,0.39291667,,Bouma_2024,Bouma,2024,TESS Sector 10 SPOC 120s TESS Sector 09 SPOC 120s TESS Sector 08 SPOC 120s TESS Sector 37 SPOC 120s TESS Sector 36 SPOC 120s TESS Sector 35 SPOC 120s TESS Sector 64 SPOC 120s TESS Sector 63 SPOC 120s TESS Sector 62 SPOC 120s TESS Sector 61 SPOC 120s TESS Sector 90 SPOC 120s TESS Sector 89 SPOC 120s TESS Sector 10 TESS-SPOC 1800s TESS Sector 08 TESS-SPOC 1800s TESS Sector 09 TESS-SPOC 1800s TESS Sector 35 TESS-SPOC 600s TESS Sector 36 TESS-SPOC 600s TESS Sector 37 TESS-SPOC 600s TESS Sector 64 TESS-SPOC 200s TESS Sector 63 TESS-SPOC 200s TESS Sector 62 TESS-SPOC 200s TESS Sector 61 TESS-SPOC 200s TESS Sector 08 QLP 1800s TESS Sector 09 QLP 1800s TESS Sector 10 QLP 1800s TESS Sector 37 QLP 600s TESS Sector 36 QLP 600s TESS Sector 35 QLP 600s TESS Sector 61 QLP 200s TESS Sector 64 QLP 200s TESS Sector 63 QLP 200s TESS Sector 62 QLP 200s TESS Sector 89 QLP 200s TESS Sector 90 QLP 200s TESS Sector 09 CDIPS 1800s TESS Sector 10 CDIPS 1800s TESS Sector 08 GSFC-ELEANOR-LITE 1800s TESS Sector 09 GSFC-ELEANOR-LITE 1800s TESS Sector 10 TGLC 1800s TESS Sector 09 TGLC 1800s TESS Sector 08 TGLC 1800s TESS Sector 10 GSFC-ELEANOR-LITE 1800s TESS Sector 08 CDIPS 1800s TESS Sector 37 CDIPS 1800s TESS Sector 36 CDIPS 1800s TESS Sector 35 CDIPS 1800s,
109,94088626,5368673630700201984,,0.275,,Bouma_2024,Bouma,2024,TESS Sector 10 SPOC 120s TESS Sector 90 SPOC 120s TESS Sector 10 TESS-SPOC 1800s TESS Sector 10 QLP 1800s TESS Sector 64 QLP 200s TESS Sector 90 QLP 200s TESS Sector 10 GSFC-ELEANOR-LITE 1800s TESS Sector 10 TGLC 1800s,
110,294328887,5485498390406148736,,0.35458333,,Bouma_2024,Bouma,2024,TESS Sector 05 SPOC 120s TESS Sector 32 SPOC 120s TESS Sector 33 SPOC 120s TESS Sector 34 SPOC 120s TESS Sector 39 SPOC 120s TESS Sector 38 SPOC 120s TESS Sector 37 SPOC 120s TESS Sector 36 SPOC 120s TESS Sector 35 SPOC 120s TESS Sector 87 SPOC 120s TESS Sector 90 SPOC 120s TESS Sector 88 SPOC 120s TESS Sector 89 SPOC 120s TESS Sector 06 TESS-SPOC 1800s TESS Sector 05 TESS-SPOC 1800s TESS Sector 04 TESS-SPOC 1800s TESS Sector 03 TESS-SPOC 1800s TESS Sector 02 TESS-SPOC 1800s TESS Sector 01 TESS-SPOC 1800s TESS Sector 11 TESS-SPOC 1800s TESS Sector 13 TESS-SPOC 1800s TESS Sector 12 TESS-SPOC 1800s TESS Sector 10 TESS-SPOC 1800s TESS Sector 09 TESS-SPOC 1800s TESS Sector 08 TESS-SPOC 1800s TESS Sector 07 TESS-SPOC 1800s TESS Sector 30 TESS-SPOC 600s TESS Sector 29 TESS-SPOC 600s TESS Sector 28 TESS-SPOC 600s TESS Sector 27 TESS-SPOC 600s TESS Sector 33 TESS-SPOC 600s TESS Sector 31 TESS-SPOC 600s TESS Sector 32 TESS-SPOC 600s TESS Sector 34 TESS-SPOC 600s TESS Sector 35 TESS-SPOC 600s TESS Sector 36 TESS-SPOC 600s TESS Sector 37 TESS-SPOC 600s TESS Sector 38 TESS-SPOC 600s TESS Sector 39 TESS-SPOC 600s TESS Sector 65 TESS-SPOC 200s TESS Sector 69 TESS-SPOC 200s TESS Sector 63 TESS-SPOC 200s TESS Sector 66 TESS-SPOC 200s TESS Sector 67 TESS-SPOC 200s TESS Sector 64 TESS-SPOC 200s TESS Sector 31 QLP 600s TESS Sector 36 QLP 600s TESS Sector 35 QLP 600s TESS Sector 37 QLP 600s TESS Sector 39 QLP 600s TESS Sector 66 QLP 200s TESS Sector 61 QLP 200s TESS Sector 62 QLP 200s TESS Sector 65 QLP 200s TESS Sector 64 QLP 200s TESS Sector 63 QLP 200s TESS Sector 68 QLP 200s TESS Sector 69 QLP 200s TESS Sector 67 QLP 200s TESS Sector 87 QLP 200s TESS Sector 88 QLP 200s TESS Sector 89 QLP 200s TESS Sector 90 QLP 200s TESS Sector 01 TGLC 1800s TESS Sector 02 TGLC 1800s TESS Sector 04 TGLC 1800s TESS Sector 05 TGLC 1800s TESS Sector 06 TGLC 1800s TESS Sector 05 CDIPS 1800s TESS Sector 04 CDIPS 1800s TESS Sector 03 CDIPS 1800s TESS Sector 02 CDIPS 1800s TESS Sector 03 TGLC 1800s TESS Sector 01 CDIPS 1800s TESS Sector 01 GSFC-ELEANOR-LITE 1800s TESS Sector 02 GSFC-ELEANOR-LITE 1800s TESS Sector 02 T16 1800s TESS Sector 01 T16 1800s TESS Sector 03 GSFC-ELEANOR-LITE 1800s TESS Sector 04 GSFC-ELEANOR-LITE 1800s TESS Sector 05 GSFC-ELEANOR-LITE 1800s TESS Sector 06 GSFC-ELEANOR-LITE 1800s TESS Sector 09 TGLC 1800s TESS Sector 08 TGLC 1800s TESS Sector 07 TGLC 1800s TESS Sector 13 CDIPS 1800s TESS Sector 07 GSFC-ELEANOR-LITE 1800s TESS Sector 08 GSFC-ELEANOR-LITE 1800s TESS Sector 09 GSFC-ELEANOR-LITE 1800s TESS Sector 10 GSFC-ELEANOR-LITE 1800s TESS Sector 12 CDIPS 1800s TESS Sector 11 CDIPS 1800s TESS Sector 10 CDIPS 1800s TESS Sector 09 CDIPS 1800s TESS Sector 08 CDIPS 1800s TESS Sector 10 TGLC 1800s TESS Sector 11 TGLC 1800s TESS Sector 28 CDIPS 1800s TESS Sector 33 CDIPS 1800s TESS Sector 32 CDIPS 1800s TESS Sector 31 CDIPS 1800s TESS Sector 30 CDIPS 1800s TESS Sector 29 CDIPS 1800s TESS Sector 27 CDIPS 1800s TESS Sector 34 CDIPS 1800s TESS Sector 39 CDIPS 1800s TESS Sector 38 CDIPS 1800s TESS Sector 37 CDIPS 1800s TESS Sector 36 CDIPS 1800s TESS Sector 35 CDIPS 1800s,
111,363963079,5506029021277336576,,0.32583333,,Bouma_2024,Bouma,2024,TESS Sector 08 SPOC 120s TESS Sector 07 SPOC 120s TESS Sector 33 SPOC 20s TESS Sector 33 SPOC 120s TESS Sector 35 SPOC 20s TESS Sector 34 SPOC 20s TESS Sector 35 SPOC 120s TESS Sector 34 SPOC 120s TESS Sector 87 SPOC 120s TESS Sector 89 SPOC 120s TESS Sector 08 TESS-SPOC 1800s TESS Sector 07 TESS-SPOC 1800s TESS Sector 33 TESS-SPOC 600s TESS Sector 34 TESS-SPOC 600s TESS Sector 35 TESS-SPOC 600s TESS Sector 08 QLP 1800s TESS Sector 07 QLP 1800s TESS Sector 33 QLP 600s TESS Sector 35 QLP 600s TESS Sector 34 QLP 600s TESS Sector 62 QLP 200s TESS Sector 61 QLP 200s TESS Sector 87 QLP 200s TESS Sector 89 QLP 200s TESS Sector 07 TGLC 1800s TESS Sector 08 TGLC 1800s TESS Sector 08 GSFC-ELEANOR-LITE 1800s TESS Sector 07 GSFC-ELEANOR-LITE 1800s,
112,402980664,565706429072383232,,0.77333333,,Bouma_2024,Bouma,2024,TESS Sector 19 SPOC 120s TESS Sector 18 SPOC 120s TESS Sector 26 SPOC 120s TESS Sector 25 SPOC 120s TESS Sector 59 SPOC 120s TESS Sector 58 SPOC 120s TESS Sector 53 SPOC 120s TESS Sector 73 SPOC 120s TESS Sector 86 SPOC 120s TESS Sector 79 SPOC 120s TESS Sector 78 SPOC 120s TESS Sector 85 SPOC 120s TESS Sector 19 TESS-SPOC 1800s TESS Sector 18 TESS-SPOC 1800s TESS Sector 26 TESS-SPOC 1800s TESS Sector 25 TESS-SPOC 1800s TESS Sector 58 TESS-SPOC 200s TESS Sector 59 TESS-SPOC 200s TESS Sector 53 TESS-SPOC 600s TESS Sector 73 TESS-SPOC 200s TESS Sector 18 QLP 1800s TESS Sector 19 QLP 1800s TESS Sector 25 QLP 1800s TESS Sector 26 QLP 1800s TESS Sector 58 QLP 200s TESS Sector 59 QLP 200s TESS Sector 53 QLP 600s TESS Sector 73 QLP 200s TESS Sector 78 QLP 200s TESS Sector 79 QLP 200s TESS Sector 85 QLP 200s TESS Sector 86 QLP 200s TESS Sector 26 TASOC 120s TESS Sector 26 TASOC 1800s TESS Sector 26 TASOC 1800s,
113,359892714,5841324542416019712,,0.47208333,,Bouma_2024,Bouma,2024,TESS Sector 12 SPOC 120s TESS Sector 11 SPOC 120s TESS Sector 39 SPOC 120s TESS Sector 38 SPOC 120s TESS Sector 65 SPOC 120s TESS Sector 64 SPOC 120s TESS Sector 11 TESS-SPOC 1800s TESS Sector 12 TESS-SPOC 1800s TESS Sector 39 TESS-SPOC 600s TESS Sector 38 TESS-SPOC 600s TESS Sector 64 TESS-SPOC 200s TESS Sector 65 TESS-SPOC 200s TESS Sector 39 QLP 600s TESS Sector 64 QLP 200s TESS Sector 65 QLP 200s TESS Sector 11 TGLC 1800s TESS Sector 12 CDIPS 1800s TESS Sector 11 CDIPS 1800s TESS Sector 39 CDIPS 1800s TESS Sector 38 CDIPS 1800s,
114,335598085,5857065971210881408,,0.66041667,,Stauffer_2021,Stauffer,2021,TESS Sector 11 SPOC 120s TESS Sector 64 SPOC 20s TESS Sector 65 SPOC 20s TESS Sector 64 SPOC 120s TESS Sector 65 SPOC 120s TESS Sector 11 TESS-SPOC 1800s TESS Sector 64 TESS-SPOC 200s TESS Sector 65 TESS-SPOC 200s TESS Sector 11 QLP 1800s TESS Sector 64 QLP 200s TESS Sector 65 QLP 200s TESS Sector 11 CDIPS 1800s TESS Sector 11 TGLC 1800s,
115,442571495,6016421494262600960,,0.39958333,,Bouma_2024,Bouma,2024,TESS Sector 12 SPOC 120s TESS Sector 38 SPOC 120s TESS Sector 12 TESS-SPOC 1800s TESS Sector 38 TESS-SPOC 600s TESS Sector 12 QLP 1800s TESS Sector 38 QLP 600s TESS Sector 65 QLP 200s TESS Sector 12 CDIPS 1800s TESS Sector 38 CDIPS 1800s,
116,67897871,6041816502013814400,202724025,0.25958333,0.2795,Stauffer_2017,Stauffer,2017,TESS Sector 12 SPOC 120s TESS Sector 91 SPOC 120s TESS Sector 12 TESS-SPOC 1800s TESS Sector 12 QLP 1800s TESS Sector 65 QLP 200s TESS Sector 91 QLP 200s TESS Sector 12 CDIPS 1800s TESS Sector 12 PATHOS 1800s,K2 Campaign 02 K2 1800s K2 Campaign 02 EVEREST 1800s K2 Campaign 02 K2SFF 1800s K2 Campaign 02 K2VARCAT 1800s
117,405754448,6056695059045701120,,0.53833333,,Rebull_2022,Rebull,2022,TESS Sector 11 SPOC 120s TESS Sector 38 SPOC 120s TESS Sector 37 SPOC 120s TESS Sector 11 TESS-SPOC 1800s TESS Sector 37 TESS-SPOC 600s TESS Sector 38 TESS-SPOC 600s TESS Sector 64 TESS-SPOC 200s TESS Sector 65 TESS-SPOC 200s TESS Sector 11 QLP 1800s TESS Sector 37 QLP 600s TESS Sector 38 QLP 600s TESS Sector 64 QLP 200s TESS Sector 65 QLP 200s TESS Sector 11 TGLC 1800s TESS Sector 11 CDIPS 1800s TESS Sector 38 CDIPS 1800s TESS Sector 37 CDIPS 1800s,
118,405910546,6061362107917642240,,1.58291667,,Bouma_2024,Bouma,2024,TESS Sector 37 SPOC 120s TESS Sector 38 SPOC 120s TESS Sector 11 TESS-SPOC 1800s TESS Sector 37 TESS-SPOC 600s TESS Sector 38 TESS-SPOC 600s TESS Sector 11 QLP 1800s TESS Sector 37 QLP 600s TESS Sector 38 QLP 600s TESS Sector 64 QLP 200s TESS Sector 11 CDIPS 1800s TESS Sector 11 TGLC 1800s TESS Sector 37 CDIPS 1800s TESS Sector 38 CDIPS 1800s,
119,404144841,6081328723666902912,,0.4475,,Bouma_2024,Bouma,2024,TESS Sector 11 SPOC 120s TESS Sector 37 SPOC 120s TESS Sector 38 SPOC 120s TESS Sector 64 SPOC 120s TESS Sector 11 TESS-SPOC 1800s TESS Sector 37 TESS-SPOC 600s TESS Sector 38 TESS-SPOC 600s TESS Sector 64 TESS-SPOC 200s TESS Sector 11 QLP 1800s TESS Sector 37 QLP 600s TESS Sector 38 QLP 600s TESS Sector 64 QLP 200s TESS Sector 11 TGLC 1800s TESS Sector 37 CDIPS 1800s TESS Sector 38 CDIPS 1800s,
120,312410638,6090854651891034496,,1.16916667,,Rebull_2022,Rebull,2022,TESS Sector 38 SPOC 120s TESS Sector 38 TESS-SPOC 600s TESS Sector 65 QLP 200s TESS Sector 11 CDIPS 1800s TESS Sector 11 TGLC 1800s TESS Sector 38 CDIPS 1800s,
121,167664935,6104139604209342464,,0.58541667,,Bouma_2024,Bouma,2024,TESS Sector 38 SPOC 120s TESS Sector 38 TESS-SPOC 600s TESS Sector 65 TESS-SPOC 200s TESS Sector 11 QLP 1800s TESS Sector 38 QLP 600s TESS Sector 65 QLP 200s TESS Sector 11 CDIPS 1800s TESS Sector 11 TGLC 1800s TESS Sector 38 CDIPS 1800s,
122,89026133,6205993722841260032,,0.46666667,,Stauffer_2021,Stauffer,2021,TESS Sector 38 SPOC 120s TESS Sector 38 TESS-SPOC 600s TESS Sector 11 QLP 1800s TESS Sector 38 QLP 600s TESS Sector 65 QLP 200s TESS Sector 11 TGLC 1800s TESS Sector 38 CDIPS 1800s,
123,272248916,6207141200664109184,,0.37083333,,Bouma_2024,Bouma,2024,TESS Sector 11 SPOC 120s TESS Sector 38 SPOC 120s TESS Sector 11 TESS-SPOC 1800s TESS Sector 38 TESS-SPOC 600s TESS Sector 11 QLP 1800s TESS Sector 38 QLP 600s TESS Sector 65 QLP 200s TESS Sector 11 TGLC 1800s TESS Sector 38 CDIPS 1800s,
124,440725886,63661521387693824,,0.16333333,,Bouma_2024,Bouma,2024,TESS Sector 44 SPOC 120s TESS Sector 43 SPOC 120s TESS Sector 42 SPOC 120s TESS Sector 71 SPOC 120s TESS Sector 70 SPOC 120s TESS Sector 44 TESS-SPOC 600s TESS Sector 43 TESS-SPOC 600s TESS Sector 42 TESS-SPOC 600s TESS Sector 70 TESS-SPOC 200s TESS Sector 71 TESS-SPOC 200s TESS Sector 44 QLP 600s TESS Sector 43 QLP 600s TESS Sector 42 QLP 600s TESS Sector 70 QLP 200s TESS Sector 71 QLP 200s TESS Sector 44 CDIPS 1800s TESS Sector 43 CDIPS 1800s TESS Sector 42 CDIPS 1800s,
125,234295610,6485423779719878016,,0.76208333,,Zhan_2019,Zhan,2019,TESS Sector 01 SPOC 120s TESS Sector 28 SPOC 120s TESS Sector 01 TESS-SPOC 1800s TESS Sector 28 TESS-SPOC 600s TESS Sector 68 TESS-SPOC 200s TESS Sector 01 QLP 1800s TESS Sector 28 QLP 600s TESS Sector 68 QLP 200s TESS Sector 01 GSFC-ELEANOR-LITE 1800s TESS Sector 01 T16 1800s TESS Sector 01 TGLC 1800s,
126,224283342,6534521406305916928,,0.8875,,Zhan_2019,Zhan,2019,TESS Sector 02 SPOC 120s TESS Sector 29 SPOC 120s TESS Sector 69 SPOC 120s TESS Sector 02 TESS-SPOC 1800s TESS Sector 29 TESS-SPOC 600s TESS Sector 69 TESS-SPOC 200s TESS Sector 02 QLP 1800s TESS Sector 29 QLP 600s TESS Sector 69 QLP 200s TESS Sector 02 TASOC 120s TESS Sector 02 GSFC-ELEANOR-LITE 1800s TESS Sector 02 T16 1800s TESS Sector 02 TASOC 1800s TESS Sector 02 TASOC 1800s TESS Sector 02 TGLC 1800s,
127,289840926,6801191424589717888,,0.2,,Guenther_2022,Guenther,2022,TESS Sector 01 SPOC 120s TESS Sector 28 SPOC 120s TESS Sector 92 SPOC 120s TESS Sector 01 TESS-SPOC 1800s TESS Sector 28 TESS-SPOC 600s TESS Sector 01 QLP 1800s TESS Sector 28 QLP 600s TESS Sector 68 QLP 200s TESS Sector 92 QLP 200s TESS Sector 01 GSFC-ELEANOR-LITE 1800s TESS Sector 01 T16 1800s TESS Sector 01 TGLC 1800s TESS Sector 28 CDIPS 1800s,
128,141146667,860453786736413568,,0.16375,,Bouma_2024,Bouma,2024,TESS Sector 41 SPOC 120s TESS Sector 48 SPOC 120s TESS Sector 75 SPOC 120s TESS Sector 15 TESS-SPOC 1800s TESS Sector 14 TESS-SPOC 1800s TESS Sector 21 TESS-SPOC 1800s TESS Sector 41 TESS-SPOC 600s TESS Sector 48 TESS-SPOC 600s TESS Sector 75 TESS-SPOC 200s TESS Sector 14 QLP 1800s TESS Sector 15 QLP 1800s TESS Sector 21 QLP 1800s TESS Sector 41 QLP 600s TESS Sector 48 QLP 600s TESS Sector 75 QLP 200s TESS Sector 14 CDIPS 1800s TESS Sector 14 TASOC 1800s TESS Sector 15 CDIPS 1800s TESS Sector 15 TASOC 1800s TESS Sector 14 TASOC 1800s TESS Sector 21 CDIPS 1800s TESS Sector 41 CDIPS 1800s TESS Sector 48 CDIPS 1800s,
129,12779416,,204364515,1.456,3.0863,Stauffer_2017,Stauffer,2017,TESS Sector 91 QLP 200s,K2 Campaign 02 K2 1800s K2 Campaign 15 K2 1800s K2 Campaign 02 EVEREST 1800s K2 Campaign 02 K2SFF 1800s K2 Campaign 02 K2VARCAT 1800s K2 Campaign 15 EVEREST 1800s K2 Campaign 15 K2SFF 1800s
130,68045555,6049821633855485440,203849738,0.619,,Stauffer_2017,Stauffer,2017,TESS Sector 91 SPOC 120s,K2 Campaign 02 K2 1800s K2 Campaign 02 EVEREST 1800s K2 Campaign 02 K2SFF 1800s K2 Campaign 02 K2VARCAT 1800s
131,68131578,6049554108931809152,203692610,1.821,,Stauffer_2017,Stauffer,2017,TESS Sector 91 SPOC 120s,K2 Campaign 02 K2 1800s K2 Campaign 02 EVEREST 1800s K2 Campaign 02 K2SFF 1800s K2 Campaign 02 K2VARCAT 1800s
132,49165224,6249001841715440512,205374937,0.6345,0.5436,Stauffer_2017,Stauffer,2017,TESS Sector 91 SPOC 120s TESS Sector 91 QLP 200s,K2 Campaign 02 K2 1800s K2 Campaign 02 EVEREST 1800s K2 Campaign 02 K2SFF 1800s K2 Campaign 02 K2VARCAT 1800s
133,391993423,6039044255241799808,202873945,0.6258,,Stauffer_2017,Stauffer,2017,TESS Sector 91 SPOC 120s TESS Sector 39 QLP 600s TESS Sector 12 CDIPS 1800s TESS Sector 12 PATHOS 1800s TESS Sector 39 CDIPS 1800s,K2 Campaign 02 K2 1800s K2 Campaign 02 EVEREST 1800s K2 Campaign 02 K2SFF 1800s K2 Campaign 02 K2VARCAT 1800s
134,203444707,6051728977289000064,204296148,0.5314,0.4717,Stauffer_2017,Stauffer,2017,TESS Sector 91 SPOC 120s,K2 Campaign 02 K2 1800s K2 Campaign 02 EVEREST 1800s K2 Campaign 02 K2SFF 1800s K2 Campaign 02 K2VARCAT 1800s
135,175597010,6049165500286247040,203962559,1.5402,,Stauffer_2017,Stauffer,2017,TESS Sector 91 SPOC 120s,K2 Campaign 02 K2 1800s K2 Campaign 02 EVEREST 1800s K2 Campaign 02 K2SFF 1800s K2 Campaign 02 K2VARCAT 1800s
136,175861088,6049107020011536000,203927435,0.482,0.4162,Stauffer_2017,Stauffer,2017,TESS Sector 91 SPOC 120s,K2 Campaign 02 K2 1800s K2 Campaign 02 EVEREST 1800s K2 Campaign 02 K2SFF 1800s K2 Campaign 02 K2VARCAT 1800s
137,49040989,6245669050173377280,205024957,1.6656,,Stauffer_2017,Stauffer,2017,,K2 Campaign 02 K2 1800s K2 Campaign 02 EVEREST 1800s K2 Campaign 02 K2SFF 1800s K2 Campaign 02 K2VARCAT 1800s
138,49040871,,205046529,1.8358,2.5619,Stauffer_2017,Stauffer,2017,,K2 Campaign 02 K2 1800s K2 Campaign 02 EVEREST 1800s K2 Campaign 02 K2SFF 1800s K2 Campaign 02 K2VARCAT 1800s
139,49585759,6050333112920811776,204143627,1.125,,Stauffer_2017,Stauffer,2017,TESS Sector 91 SPOC 120s TESS Sector 91 QLP 200s,K2 Campaign 02 K2 1800s K2 Campaign 02 EVEREST 1800s K2 Campaign 02 K2SFF 1800s K2 Campaign 02 K2VARCAT 1800s
140,413551134,4324709330348851968,205483258,5.667,,Stauffer_2017,Stauffer,2017,TESS Sector 91 SPOC 120s TESS Sector 91 QLP 200s,K2 Campaign 02 K2 1800s K2 Campaign 02 EVEREST 1800s K2 Campaign 02 K2SFF 1800s K2 Campaign 02 K2VARCAT 1800s
141,220604303,6246938127111232640,204882444,0.3829,,Rebull_2018,Rebull,2018,TESS Sector 91 SPOC 120s TESS Sector 91 QLP 200s,K2 Campaign 02 K2 1800s K2 Campaign 02 EVEREST 1800s K2 Campaign 02 K2SFF 1800s K2 Campaign 02 K2VARCAT 1800s
142,280160269,6246710012810366976,204787516,0.4868,,Rebull_2018,Rebull,2018,,K2 Campaign 02 K2 1800s K2 Campaign 02 EVEREST 1800s K2 Campaign 02 K2SFF 1800s K2 Campaign 02 K2VARCAT 1800s
143,12776845,6237180545533200640,204270520,0.5123,,Rebull_2018,Rebull,2018,TESS Sector 91 SPOC 120s,K2 Campaign 02 K2 1800s K2 Campaign 15 K2 1800s K2 Campaign 02 EVEREST 1800s K2 Campaign 02 K2SFF 1800s K2 Campaign 02 K2VARCAT 1800s K2 Campaign 15 EVEREST 1800s K2 Campaign 15 K2SFF 1800s
144,49035618,6243897874380625792,204783273,1.1105,,Rebull_2018,Rebull,2018,,K2 Campaign 02 K2 1800s K2 Campaign 02 EVEREST 1800s K2 Campaign 02 K2SFF 1800s K2 Campaign 02 K2VARCAT 1800s
145,68167990,6049537169580902272,203645396,0.6287,,Rebull_2018,Rebull,2018,,K2 Campaign 02 K2 1800s K2 Campaign 02 EVEREST 1800s K2 Campaign 02 K2SFF 1800s K2 Campaign 02 K2VARCAT 1800s
146,49691316,6050308923664895360,204082531,0.6513,,Rebull_2018,Rebull,2018,TESS Sector 91 SPOC 120s TESS Sector 91 QLP 200s,K2 Campaign 02 K2 1800s K2 Campaign 02 EVEREST 1800s K2 Campaign 02 K2SFF 1800s K2 Campaign 02 K2VARCAT 1800s
147,202876323,6051788728874166528,204321142,0.4763,,Rebull_2018,Rebull,2018,TESS Sector 91 SPOC 120s,K2 Campaign 02 K2 1800s K2 Campaign 02 EVEREST 1800s K2 Campaign 02 K2SFF 1800s K2 Campaign 02 K2VARCAT 1800s
148,175744495,6050656781651004160,203956650,0.6752,,Rebull_2018,Rebull,2018,,K2 Campaign 02 K2 1800s K2 Campaign 02 EVEREST 1800s K2 Campaign 02 K2SFF 1800s K2 Campaign 02 K2VARCAT 1800s
149,205106701,6044015868868398976,202687442,0.5727,,Rebull_2018,Rebull,2018,TESS Sector 39 QLP 600s TESS Sector 12 CDIPS 1800s TESS Sector 12 PATHOS 1800s TESS Sector 39 CDIPS 1800s,K2 Campaign 02 K2 1800s K2 Campaign 02 EVEREST 1800s K2 Campaign 02 K2SFF 1800s K2 Campaign 02 K2VARCAT 1800s
150,73217080,4130947859386102016,204884822,0.7983,,Rebull_2018,Rebull,2018,TESS Sector 91 SPOC 120s TESS Sector 91 QLP 200s,K2 Campaign 02 K2 1800s K2 Campaign 02 EVEREST 1800s K2 Campaign 02 K2SFF 1800s K2 Campaign 02 K2VARCAT 1800s
151,289840928,6801191355870240768,,0.19916667,,Zhan_2019,Zhan,2019,TESS Sector 01 SPOC 120s TESS Sector 28 SPOC 120s TESS Sector 68 SPOC 20s TESS Sector 68 SPOC 120s TESS Sector 92 SPOC 20s TESS Sector 92 SPOC 120s TESS Sector 01 TESS-SPOC 1800s TESS Sector 28 TESS-SPOC 600s TESS Sector 68 TESS-SPOC 200s TESS Sector 01 QLP 1800s TESS Sector 28 QLP 600s TESS Sector 68 QLP 200s TESS Sector 92 QLP 200s TESS Sector 01 TASOC 120s TESS Sector 01 TASOC 1800s TESS Sector 01 TASOC 1800s TESS Sector 01 T16 1800s TESS Sector 01 GSFC-ELEANOR-LITE 1800s TESS Sector 01 TGLC 1800s TESS Sector 28 CDIPS 1800s,
152,92574021,5372980314662466560,,0.7844,,Rebull_2022,Rebull,2022,TESS Sector 37 QLP 600s TESS Sector 63 QLP 200s TESS Sector 64 QLP 200s TESS Sector 10 CDIPS 1800s TESS Sector 10 GSFC-ELEANOR-LITE 1800s TESS Sector 10 TGLC 1800s TESS Sector 37 CDIPS 1800s,
153,452345586,5336466353837764736,,3.0568,,Rebull_2022,Rebull,2022,TESS Sector 10 QLP 1800s TESS Sector 11 QLP 1800s TESS Sector 37 QLP 600s TESS Sector 64 QLP 200s TESS Sector 10 CDIPS 1800s TESS Sector 11 CDIPS 1800s TESS Sector 10 GSFC-ELEANOR-LITE 1800s TESS Sector 10 TGLC 1800s TESS Sector 11 TGLC 1800s TESS Sector 10 TGLC 1800s TESS Sector 11 TGLC 1800s TESS Sector 37 CDIPS 1800s,
154,379774242,6053207201993945728,,0.9854,,Rebull_2022,Rebull,2022,TESS Sector 11 CDIPS 1800s TESS Sector 11 TGLC 1800s TESS Sector 37 CDIPS 1800s TESS Sector 38 CDIPS 1800s,
155,310412874,6053682637686389248,,0.4564,,Rebull_2022,Rebull,2022,TESS Sector 11 QLP 1800s TESS Sector 37 QLP 600s TESS Sector 38 QLP 600s TESS Sector 64 QLP 200s TESS Sector 65 QLP 200s TESS Sector 37 CDIPS 1800s TESS Sector 38 CDIPS 1800s,
156,311447879,5861225840401537152,,0.487,,Rebull_2022,Rebull,2022,TESS Sector 37 QLP 600s TESS Sector 11 CDIPS 1800s TESS Sector 11 TGLC 1800s TESS Sector 37 CDIPS 1800s TESS Sector 38 CDIPS 1800s,
157,311333943,6053714557884987008,,0.9197,,Rebull_2022,Rebull,2022,TESS Sector 37 QLP 600s TESS Sector 64 QLP 200s TESS Sector 65 QLP 200s TESS Sector 11 CDIPS 1800s TESS Sector 11 TGLC 1800s TESS Sector 37 CDIPS 1800s,
158,450386147,5861250373258628224,,1.625,,Rebull_2022,Rebull,2022,TESS Sector 11 QLP 1800s TESS Sector 37 QLP 600s TESS Sector 38 QLP 600s TESS Sector 64 QLP 200s TESS Sector 65 QLP 200s TESS Sector 11 CDIPS 1800s TESS Sector 11 TGLC 1800s TESS Sector 37 CDIPS 1800s TESS Sector 38 CDIPS 1800s,
159,272407484,6074516458849906560,,0.4707,,Rebull_2022,Rebull,2022,TESS Sector 10 SPOC 120s TESS Sector 11 SPOC 120s TESS Sector 10 TESS-SPOC 1800s TESS Sector 11 TESS-SPOC 1800s TESS Sector 10 QLP 1800s TESS Sector 11 QLP 1800s TESS Sector 37 QLP 600s TESS Sector 38 QLP 600s TESS Sector 64 QLP 200s TESS Sector 10 CDIPS 1800s TESS Sector 11 CDIPS 1800s TESS Sector 10 GSFC-ELEANOR-LITE 1800s TESS Sector 10 TGLC 1800s TESS Sector 11 TGLC 1800s TESS Sector 37 CDIPS 1800s TESS Sector 38 CDIPS 1800s,
160,412182239,6059728989586223232,,1.2804,,Rebull_2022,Rebull,2022,TESS Sector 11 CDIPS 1800s TESS Sector 11 TGLC 1800s TESS Sector 37 CDIPS 1800s TESS Sector 38 CDIPS 1800s,
161,165912675,6079851151837148928,,0.2273,,Rebull_2022,Rebull,2022,TESS Sector 10 CDIPS 1800s TESS Sector 10 GSFC-ELEANOR-LITE 1800s TESS Sector 10 TGLC 1800s TESS Sector 11 TGLC 1800s,
162,412376751,6056707218046937728,,0.9418,,Rebull_2022,Rebull,2022,TESS Sector 11 QLP 1800s TESS Sector 37 QLP 600s TESS Sector 38 QLP 600s TESS Sector 64 QLP 200s TESS Sector 65 QLP 200s TESS Sector 11 CDIPS 1800s TESS Sector 11 TGLC 1800s TESS Sector 37 CDIPS 1800s TESS Sector 38 CDIPS 1800s,
163,412376096,6056702824347469568,,0.7504,,Rebull_2022,Rebull,2022,TESS Sector 37 QLP 600s TESS Sector 64 QLP 200s TESS Sector 65 QLP 200s TESS Sector 11 CDIPS 1800s TESS Sector 11 TGLC 1800s TESS Sector 37 CDIPS 1800s TESS Sector 38 CDIPS 1800s,
164,258583707,6086566762700232960,,0.3142,,Rebull_2022,Rebull,2022,TESS Sector 37 QLP 600s TESS Sector 64 QLP 200s TESS Sector 11 CDIPS 1800s TESS Sector 11 TGLC 1800s TESS Sector 37 CDIPS 1800s,
165,438709950,6083662127885920512,,1.0214,,Rebull_2022,Rebull,2022,TESS Sector 11 QLP 1800s TESS Sector 37 QLP 600s TESS Sector 38 QLP 600s TESS Sector 64 QLP 200s TESS Sector 37 CDIPS 1800s TESS Sector 38 CDIPS 1800s,
166,241375625,6069546666301995136,,0.5183,,Rebull_2022,Rebull,2022,TESS Sector 11 QLP 1800s TESS Sector 38 QLP 600s TESS Sector 64 QLP 200s TESS Sector 65 QLP 200s TESS Sector 11 CDIPS 1800s TESS Sector 11 TGLC 1800s TESS Sector 38 CDIPS 1800s,
167,179368022,6117335633532511488,,0.1933,,Rebull_2022,Rebull,2022,TESS Sector 11 QLP 1800s TESS Sector 38 QLP 600s TESS Sector 64 QLP 200s TESS Sector 11 CDIPS 1800s TESS Sector 11 TGLC 1800s TESS Sector 38 CDIPS 1800s,
168,241841997,6104539001808460928,,0.1545,,Rebull_2022,Rebull,2022,TESS Sector 11 QLP 1800s TESS Sector 38 QLP 600s TESS Sector 65 QLP 200s TESS Sector 11 CDIPS 1800s TESS Sector 11 TGLC 1800s TESS Sector 38 CDIPS 1800s,
169,334325329,5906896357885973760,,1.3106,,Rebull_2022,Rebull,2022,TESS Sector 65 SPOC 120s TESS Sector 65 TESS-SPOC 200s TESS Sector 65 QLP 200s TESS Sector 11 CDIPS 1800s TESS Sector 11 TGLC 1800s TESS Sector 38 CDIPS 1800s,
170,334838280,5907453810283014656,,1.3868,,Rebull_2022,Rebull,2022,TESS Sector 65 QLP 200s TESS Sector 11 CDIPS 1800s TESS Sector 11 TGLC 1800s TESS Sector 38 CDIPS 1800s,
171,366178112,5907570633391708800,,0.3646,,Rebull_2022,Rebull,2022,TESS Sector 65 SPOC 120s TESS Sector 65 TESS-SPOC 200s TESS Sector 11 QLP 1800s TESS Sector 38 QLP 600s TESS Sector 65 QLP 200s TESS Sector 11 CDIPS 1800s TESS Sector 11 TGLC 1800s TESS Sector 38 CDIPS 1800s,
172,160539036,5907508197444116096,,0.6462,,Rebull_2022,Rebull,2022,TESS Sector 11 QLP 1800s TESS Sector 38 QLP 600s TESS Sector 65 QLP 200s TESS Sector 11 CDIPS 1800s TESS Sector 11 TGLC 1800s TESS Sector 38 CDIPS 1800s,
173,140765939,6003464844942163584,,0.8952,,Rebull_2022,Rebull,2022,TESS Sector 11 CDIPS 1800s TESS Sector 11 TGLC 1800s TESS Sector 38 CDIPS 1800s,
174,76698847,6207532832961460608,,0.7473,,Rebull_2022,Rebull,2022,TESS Sector 65 QLP 200s TESS Sector 11 CDIPS 1800s TESS Sector 11 TGLC 1800s TESS Sector 38 CDIPS 1800s,
175,173267960,6002137188957931008,,0.6336,,Rebull_2022,Rebull,2022,TESS Sector 12 QLP 1800s TESS Sector 12 CDIPS 1800s TESS Sector 38 CDIPS 1800s,
176,179357494,5995830115391559424,,0.4067,,Rebull_2022,Rebull,2022,TESS Sector 65 QLP 200s TESS Sector 12 CDIPS 1800s TESS Sector 38 CDIPS 1800s,
177,442575691,6016521378023539456,,0.4291,,Rebull_2022,Rebull,2022,TESS Sector 12 TESS-SPOC 1800s TESS Sector 12 QLP 1800s TESS Sector 38 QLP 600s TESS Sector 65 QLP 200s TESS Sector 12 CDIPS 1800s TESS Sector 38 CDIPS 1800s,
178,84187344,5969054327225266688,,3.9769,,Rebull_2022,Rebull,2022,TESS Sector 12 CDIPS 1800s TESS Sector 39 CDIPS 1800s,
179,85125492,5969505470595968000,,0.7574,,Rebull_2022,Rebull,2022,TESS Sector 12 QLP 1800s TESS Sector 39 QLP 600s TESS Sector 66 QLP 200s TESS Sector 12 CDIPS 1800s TESS Sector 39 CDIPS 1800s,
180,85356121,6019068396739406848,,1.4422,,Rebull_2022,Rebull,2022,TESS Sector 39 QLP 600s TESS Sector 66 QLP 200s TESS Sector 12 CDIPS 1800s TESS Sector 12 PATHOS 1800s TESS Sector 39 CDIPS 1800s,
181,97239026,6027177088840456448,,0.2633,,Rebull_2022,Rebull,2022,TESS Sector 91 SPOC 120s TESS Sector 39 QLP 600s TESS Sector 66 QLP 200s TESS Sector 12 CDIPS 1800s TESS Sector 39 CDIPS 1800s,
182,337243787,5971281937775791360,,0.6297,,Rebull_2022,Rebull,2022,TESS Sector 12 QLP 1800s TESS Sector 39 QLP 600s TESS Sector 66 QLP 200s TESS Sector 12 CDIPS 1800s TESS Sector 39 CDIPS 1800s,
183,65347864,5070527824315406976,,0.32008,,Popinchalk_2023,Popinchalk,2023,TESS Sector 04 SPOC 120s TESS Sector 03 SPOC 120s TESS Sector 03 TESS-SPOC 1800s TESS Sector 04 TESS-SPOC 1800s TESS Sector 31 TESS-SPOC 600s TESS Sector 30 TESS-SPOC 600s TESS Sector 03 QLP 1800s TESS Sector 04 QLP 1800s TESS Sector 30 QLP 600s TESS Sector 31 QLP 600s TESS Sector 03 TASOC 120s TESS Sector 04 TASOC 120s TESS Sector 04 TGLC 1800s TESS Sector 03 TGLC 1800s TESS Sector 03 GSFC-ELEANOR-LITE 1800s TESS Sector 03 TASOC 1800s TESS Sector 03 TASOC 1800s TESS Sector 04 GSFC-ELEANOR-LITE 1800s TESS Sector 04 TASOC 1800s TESS Sector 04 TASOC 1800s,
184,15756231,51886335968692480,210818897,,,Rebull_2020,Rebull,2020,TESS Sector 43 SPOC 20s TESS Sector 44 SPOC 20s TESS Sector 43 SPOC 120s TESS Sector 44 SPOC 120s TESS Sector 43 TESS-SPOC 600s TESS Sector 44 TESS-SPOC 600s TESS Sector 43 QLP 600s TESS Sector 44 QLP 600s TESS Sector 43 CDIPS 1800s TESS Sector 44 CDIPS 1800s,K2 Campaign 04 K2 1800s K2 Campaign 04 EVEREST 1800s K2 Campaign 04 K2SC 1800s K2 Campaign 04 K2SFF 1800s K2 Campaign 04 K2VARCAT 1800s
185,16005843,48841131139979904,210783336,,,Rebull_2020,Rebull,2020,TESS Sector 44 SPOC 120s TESS Sector 43 SPOC 120s TESS Sector 44 TESS-SPOC 600s TESS Sector 43 TESS-SPOC 600s TESS Sector 71 TESS-SPOC 200s TESS Sector 70 TESS-SPOC 200s TESS Sector 43 QLP 600s TESS Sector 44 QLP 600s TESS Sector 70 QLP 200s TESS Sector 71 QLP 200s,K2 Campaign 04 K2 1800s K2 Campaign 04 EVEREST 1800s K2 Campaign 04 K2SC 1800s K2 Campaign 04 K2SFF 1800s K2 Campaign 04 K2VARCAT 1800s
186,456946694,145034968209407232,247454835,2.7733,,Rebull_2020,Rebull,2020,TESS Sector 43 SPOC 120s TESS Sector 44 SPOC 120s TESS Sector 70 SPOC 120s TESS Sector 71 SPOC 120s TESS Sector 43 TESS-SPOC 600s TESS Sector 44 TESS-SPOC 600s TESS Sector 70 TESS-SPOC 200s TESS Sector 71 TESS-SPOC 200s TESS Sector 43 QLP 600s TESS Sector 44 QLP 600s TESS Sector 70 QLP 200s TESS Sector 71 QLP 200s TESS Sector 43 CDIPS 1800s TESS Sector 44 CDIPS 1800s,K2 Campaign 13 K2 1800s K2 Campaign 13 EVEREST 1800s K2 Campaign 13 K2SFF 1800s
187,353752577,3314312226648610560,210690598,3.5045,,Rebull_2020,Rebull,2020,TESS Sector 43 SPOC 120s TESS Sector 44 SPOC 120s TESS Sector 43 TESS-SPOC 600s TESS Sector 44 TESS-SPOC 600s,K2 Campaign 13 K2 1800s K2 Campaign 13 K2SFF 1800s
188,268397898,147801339463632000,247791556,1.0261,,Rebull_2020,Rebull,2020,TESS Sector 43 SPOC 120s TESS Sector 44 SPOC 120s TESS Sector 43 TESS-SPOC 600s TESS Sector 44 TESS-SPOC 600s TESS Sector 43 CDIPS 1800s TESS Sector 44 CDIPS 1800s,K2 Campaign 13 K2 1800s K2 Campaign 13 EVEREST 1800s K2 Campaign 13 K2SFF 1800s
189,61259674,3314244361868724224,247031423,3.0978,,Rebull_2020,Rebull,2020,TESS Sector 44 SPOC 120s TESS Sector 43 SPOC 120s TESS Sector 70 SPOC 120s TESS Sector 71 SPOC 120s TESS Sector 43 TESS-SPOC 600s TESS Sector 44 TESS-SPOC 600s TESS Sector 70 TESS-SPOC 200s TESS Sector 71 TESS-SPOC 200s TESS Sector 44 QLP 600s TESS Sector 43 QLP 600s TESS Sector 70 QLP 200s TESS Sector 71 QLP 200s,K2 Campaign 13 K2 1800s K2 Campaign 13 EVEREST 1800s K2 Campaign 13 K2SFF 1800s
190,118521714,145213192171160064,247591948,1.1976,,Rebull_2020,Rebull,2020,TESS Sector 70 QLP 200s TESS Sector 71 QLP 200s,K2 Campaign 13 K2 1800s K2 Campaign 13 EVEREST 1800s K2 Campaign 13 K2SFF 1800s
191,118521713,145213192171159552,247592103,1.1978,,Rebull_2020,Rebull,2020,TESS Sector 70 TESS-SPOC 200s TESS Sector 71 TESS-SPOC 200s TESS Sector 70 QLP 200s TESS Sector 71 QLP 200s,K2 Campaign 13 K2 1800s K2 Campaign 13 EVEREST 1800s K2 Campaign 13 K2SFF 1800s
192,245792696,3312903580454386048,210554781,11.4675,,Rebull_2020,Rebull,2020,TESS Sector 70 TESS-SPOC 200s TESS Sector 71 TESS-SPOC 200s TESS Sector 43 QLP 600s TESS Sector 44 QLP 600s TESS Sector 70 QLP 200s TESS Sector 71 QLP 200s,K2 Campaign 13 K2 60s K2 Campaign 13 K2 1800s K2 Campaign 13 EVEREST 1800s K2 Campaign 13 K2SFF 1800s
193,268510346,147940663906992512,247888948,1.4853,,Rebull_2020,Rebull,2020,TESS Sector 43 SPOC 120s TESS Sector 44 SPOC 120s TESS Sector 43 TESS-SPOC 600s TESS Sector 44 TESS-SPOC 600s TESS Sector 70 TESS-SPOC 200s TESS Sector 71 TESS-SPOC 200s TESS Sector 43 QLP 600s TESS Sector 44 QLP 600s TESS Sector 70 QLP 200s TESS Sector 71 QLP 200s TESS Sector 43 CDIPS 1800s TESS Sector 44 CDIPS 1800s,K2 Campaign 13 K2 60s K2 Campaign 13 K2 1800s K2 Campaign 13 EVEREST 1800s K2 Campaign 13 K2SFF 1800s
194,245869001,3313384651152556416,246932950,2.6815,,Rebull_2020,Rebull,2020,TESS Sector 43 TESS-SPOC 600s TESS Sector 44 TESS-SPOC 600s TESS Sector 70 TESS-SPOC 200s TESS Sector 71 TESS-SPOC 200s TESS Sector 43 QLP 600s TESS Sector 44 QLP 600s TESS Sector 70 QLP 200s TESS Sector 71 QLP 200s,K2 Campaign 13 K2 1800s K2 Campaign 13 EVEREST 1800s K2 Campaign 13 K2SFF 1800s
195,60005364,147182172683187712,247857331,7.4762,,Rebull_2020,Rebull,2020,TESS Sector 43 SPOC 120s TESS Sector 44 SPOC 120s TESS Sector 71 SPOC 120s TESS Sector 43 TESS-SPOC 600s TESS Sector 44 TESS-SPOC 600s TESS Sector 71 TESS-SPOC 200s TESS Sector 43 QLP 600s TESS Sector 44 QLP 600s TESS Sector 71 QLP 200s TESS Sector 43 CDIPS 1800s TESS Sector 44 CDIPS 1800s,K2 Campaign 13 K2 60s K2 Campaign 13 K2 1800s K2 Campaign 13 EVEREST 1800s K2 Campaign 13 K2SFF 1800s
196,,3308598064718584448,246650193,2.9245,,Rebull_2020,Rebull,2020,,K2 Campaign 13 K2 1800s K2 Campaign 13 EVEREST 1800s K2 Campaign 13 K2SFF 1800s
197,160329609,2886233695250041216,,1.01291667,,Bouma_2024,Bouma,2024,TESS Sector 06 SPOC 120s TESS Sector 33 SPOC 20s TESS Sector 32 SPOC 20s TESS Sector 33 SPOC 120s TESS Sector 32 SPOC 120s TESS Sector 87 SPOC 20s TESS Sector 87 SPOC 120s TESS Sector 06 TESS-SPOC 1800s TESS Sector 32 TESS-SPOC 600s TESS Sector 33 TESS-SPOC 600s TESS Sector 06 QLP 1800s TESS Sector 33 QLP 600s TESS Sector 32 QLP 600s TESS Sector 87 QLP 200s TESS Sector 06 TASOC 120s TESS Sector 06 TASOC 1800s TESS Sector 06 TGLC 1800s TESS Sector 06 GSFC-ELEANOR-LITE 1800s TESS Sector 06 TASOC 1800s TESS Sector 33 CDIPS 1800s TESS Sector 32 CDIPS 1800s,
198,148646689,6007250261617947776,,0.44291667,,Bouma_2024,Bouma,2024,TESS Sector 11 SPOC 120s TESS Sector 38 SPOC 120s TESS Sector 11 TESS-SPOC 1800s TESS Sector 38 TESS-SPOC 600s TESS Sector 11 QLP 1800s TESS Sector 38 QLP 600s TESS Sector 65 QLP 200s TESS Sector 11 CDIPS 1800s TESS Sector 11 TGLC 1800s TESS Sector 38 CDIPS 1800s,
199,245834739,3309335218545766784,,0.43625,,Bouma_2024,Bouma,2024,TESS Sector 44 SPOC 120s TESS Sector 43 SPOC 120s TESS Sector 71 SPOC 120s TESS Sector 70 SPOC 120s TESS Sector 05 TESS-SPOC 1800s TESS Sector 32 TESS-SPOC 600s TESS Sector 43 TESS-SPOC 600s TESS Sector 44 TESS-SPOC 600s TESS Sector 70 TESS-SPOC 200s TESS Sector 71 TESS-SPOC 200s TESS Sector 05 QLP 1800s TESS Sector 32 QLP 600s TESS Sector 43 QLP 600s TESS Sector 44 QLP 600s TESS Sector 70 QLP 200s TESS Sector 71 QLP 200s TESS Sector 05 TGLC 1800s TESS Sector 05 CDIPS 1800s TESS Sector 05 GSFC-ELEANOR-LITE 1800s TESS Sector 05 TASOC 1800s TESS Sector 05 TASOC 1800s TESS Sector 32 CDIPS 1800s TESS Sector 44 CDIPS 1800s TESS Sector 43 CDIPS 1800s,
200,125843782,151499478104075008,248131102,1.84041667,,Bouma_2024,Bouma,2024,TESS Sector 43 SPOC 120s TESS Sector 44 SPOC 120s TESS Sector 70 SPOC 120s TESS Sector 71 SPOC 120s TESS Sector 43 TESS-SPOC 600s TESS Sector 44 TESS-SPOC 600s TESS Sector 70 TESS-SPOC 200s TESS Sector 71 TESS-SPOC 200s TESS Sector 43 QLP 600s TESS Sector 44 QLP 600s TESS Sector 70 QLP 200s TESS Sector 71 QLP 200s TESS Sector 43 CDIPS 1800s TESS Sector 44 CDIPS 1800s,K2 Campaign 13 K2 1800s K2 Campaign 13 EVEREST 1800s K2 Campaign 13 K2SFF 1800s
201,244161191,2431769083806305152,60019763,0.29875,,Bouma_2024,Bouma,2024,TESS Sector 03 SPOC 120s TESS Sector 30 SPOC 120s TESS Sector 70 SPOC 20s TESS Sector 70 SPOC 120s TESS Sector 03 TESS-SPOC 1800s TESS Sector 30 TESS-SPOC 600s TESS Sector 70 TESS-SPOC 200s TESS Sector 03 QLP 1800s TESS Sector 30 QLP 600s TESS Sector 42 QLP 600s TESS Sector 70 QLP 200s TESS Sector 03 TASOC 120s TESS Sector 03 TGLC 1800s TESS Sector 03 TASOC 1800s TESS Sector 03 GSFC-ELEANOR-LITE 1800s TESS Sector 03 TASOC 1800s TESS Sector 30 CDIPS 1800s,
202,231058925,4719413251435732608,,0.36958333,,Bouma_2024,Bouma,2024,TESS Sector 03 SPOC 120s TESS Sector 02 SPOC 120s TESS Sector 29 SPOC 120s TESS Sector 30 SPOC 120s TESS Sector 69 SPOC 120s TESS Sector 02 TESS-SPOC 1800s TESS Sector 03 TESS-SPOC 1800s TESS Sector 30 TESS-SPOC 600s TESS Sector 29 TESS-SPOC 600s TESS Sector 69 TESS-SPOC 200s TESS Sector 03 QLP 1800s TESS Sector 02 QLP 1800s TESS Sector 30 QLP 600s TESS Sector 29 QLP 600s TESS Sector 69 QLP 200s TESS Sector 02 TASOC 120s TESS Sector 03 TASOC 120s TESS Sector 02 TGLC 1800s TESS Sector 03 TGLC 1800s TESS Sector 03 TASOC 1800s TESS Sector 02 TASOC 1800s TESS Sector 02 TASOC 1800s TESS Sector 02 T16 1800s TESS Sector 03 GSFC-ELEANOR-LITE 1800s TESS Sector 02 GSFC-ELEANOR-LITE 1800s TESS Sector 03 TASOC 1800s TESS Sector 30 CDIPS 1800s TESS Sector 29 CDIPS 1800s,
203,301676454,3795298673460008064,,0.3825,,Bouma_2024,Bouma,2024,TESS Sector 46 SPOC 120s TESS Sector 46 TESS-SPOC 600s TESS Sector 46 QLP 600s,
204,58084670,2034818379464853376,,0.465,,Bouma_2024,Bouma,2024,TESS Sector 41 SPOC 120s TESS Sector 55 SPOC 120s TESS Sector 54 SPOC 120s TESS Sector 81 SPOC 120s TESS Sector 74 SPOC 120s TESS Sector 75 SPOC 120s TESS Sector 41 TESS-SPOC 600s TESS Sector 54 TESS-SPOC 600s TESS Sector 55 TESS-SPOC 600s TESS Sector 74 TESS-SPOC 200s TESS Sector 75 TESS-SPOC 200s TESS Sector 41 QLP 600s TESS Sector 55 QLP 600s TESS Sector 54 QLP 600s TESS Sector 75 QLP 200s TESS Sector 81 QLP 200s TESS Sector 74 QLP 200s TESS Sector 41 CDIPS 1800s TESS Sector 55 CDIPS 1800s TESS Sector 54 CDIPS 1800s,
205,67745212,3191994547355916288,,0.21333333,,Bouma_2024,Bouma,2024,TESS Sector 32 SPOC 120s TESS Sector 05 TESS-SPOC 1800s TESS Sector 32 TESS-SPOC 600s TESS Sector 05 QLP 1800s TESS Sector 32 QLP 600s TESS Sector 05 GSFC-ELEANOR-LITE 1800s TESS Sector 05 TGLC 1800s,
206,5714469,3493814268751183744,,0.43125,,Bouma_2024,Bouma,2024,TESS Sector 10 SPOC 120s TESS Sector 90 SPOC 120s TESS Sector 10 TESS-SPOC 1800s TESS Sector 36 TESS-SPOC 600s TESS Sector 63 TESS-SPOC 200s TESS Sector 36 QLP 600s TESS Sector 63 QLP 200s TESS Sector 90 QLP 200s TESS Sector 10 CDIPS 1800s TESS Sector 10 GSFC-ELEANOR-LITE 1800s TESS Sector 10 TGLC 1800s TESS Sector 36 CDIPS 1800s,
207,259586708,4784133288986121728,,0.9383333333,,Bouma_2024,Bouma,2024,TESS Sector 06 SPOC 120s TESS Sector 05 SPOC 120s TESS Sector 04 SPOC 120s TESS Sector 03 SPOC 120s TESS Sector 32 SPOC 120s TESS Sector 30 SPOC 120s TESS Sector 31 SPOC 120s TESS Sector 06 TESS-SPOC 1800s TESS Sector 05 TESS-SPOC 1800s TESS Sector 04 TESS-SPOC 1800s TESS Sector 03 TESS-SPOC 1800s TESS Sector 31 TESS-SPOC 600s TESS Sector 30 TESS-SPOC 600s TESS Sector 32 TESS-SPOC 600s TESS Sector 31 QLP 600s TESS Sector 03 TASOC 120s TESS Sector 05 TASOC 120s TESS Sector 06 TASOC 120s TESS Sector 03 GSFC-ELEANOR-LITE 1800s TESS Sector 04 GSFC-ELEANOR-LITE 1800s TESS Sector 05 GSFC-ELEANOR-LITE 1800s TESS Sector 06 TGLC 1800s TESS Sector 05 TGLC 1800s TESS Sector 04 TGLC 1800s TESS Sector 05 TASOC 1800s TESS Sector 05 TASOC 1800s TESS Sector 06 GSFC-ELEANOR-LITE 1800s TESS Sector 03 TASOC 1800s TESS Sector 03 TASOC 1800s TESS Sector 06 TASOC 1800s TESS Sector 06 TASOC 1800s TESS Sector 03 TGLC 1800s TESS Sector 32 CDIPS 1800s TESS Sector 31 CDIPS 1800s TESS Sector 30 CDIPS 1800s,