,Sector 0,Sector 1,Sector 2,Sector 3,Sector 4,Sector 5,Sector 6,Sector 7,Sector 8,Sector 9,Sector 10,Sector 11,Sector 12,Sector 13,Sector 14,Sector 15,Sector 16,Sector 17,Sector 18,Sector 19,Sector 20,Sector 21,Sector 22,Sector 23,Sector 24,Sector 25,Sector 26,Sector 27,Sector 28,Sector 29,Sector 30,Sector 31,Sector 32,Sector 33,Sector 34,Sector 35,Sector 36,Sector 37,Sector 38,Sector 39,Sector 40,Sector 41,Sector 42,Sector 43,Sector 44,Sector 45,Sector 46,Sector 47,Sector 48,Sector 49,Sector 50,Sector 51,Sector 52,Sector 53,Sector 54,Sector 55,Sector 56,Sector 57,Sector 58,Sector 59,Sector 60,Sector 61,Sector 62,Sector 63,Sector 64,Sector 65,Sector 66,Sector 67,Sector 68,Sector 69,Sector 70,Sector 71,Sector 72,Sector 73,Sector 74,Sector 75,Sector 76,Sector 77,Sector 78,Sector 79,Sector 80,Sector 81,Sector 82,Sector 83,Sector 84,Sector 85,Sector 86,Sector 87,Sector 88,Sector 89,Sector 90,Sector 91,Sector 92,Sector 93,Sector 94,Sector 95,Sector 96,Sector 97,Sector 98,Sector 99
0,,,,,,TIC-59129133-5-FFI-30min,,,,,,,,,,,,,,,,,,,,,,,,,,,TIC-59129133-32-FFI-10min,,,,,,,,,,,TIC-59129133-43-SPOC-120,TIC-59129133-44-SPOC-120,,,,,,,,,,,,,,,,,,,,,,,,,,,TIC-59129133-71-FFI-200s,,,,,,,,,,,,,,,,,,,,,,,,,,,,
1,,,,,,TIC-59091144-5-FFI-30min,,,,,,,,,,,,,,,,,,,,,,,,,,,TIC-59091144-32-FFI-10min,,,,,,,,,,,TIC-59091144-43-SPOC-120,TIC-59091144-44-SPOC-120,,,,,,,,,,,,,,,,,,,,,,,,,,,TIC-59091144-71-FFI-200s,,,,,,,,,,,,,,,,,,,,,,,,,,,,
2,,,,,,,,,,,,,,,,,,,,,,,,,,,,,,,,,,,,,,,,,,,,TIC-118769116-43-SPOC-120,TIC-118769116-44-SPOC-120,,,,,,,,,,,,,,,,,,,,,,,,,,TIC-118769116-70-FFI-200s,TIC-118769116-71-FFI-200s,,,,,,,,,,,,,,,,,,,,,,,,,,,,
3,,,,,,,,,,,,,,,,,,,,,,,,,,,,,,,,,,,,,,,,,,,,,,,,,,,,,,,,,,,,,,,,,,,,,,,,,,,,,,,,,,,,,,,,,,,,TIC-175594111-91-SPOC-120,,,,,,,,
4,,,,,,,,,,,,,,,,,,,,,,,,,,,,,,,,,,,,,,,,,,,,,,,,,,,,,,,,,,,,,,,,,,,,,,,,,,,,,,,,,,,,,,,,,,,,TIC-322928171-91-SPOC-120,,,,,,,,
5,,,,,,,,,,,,,,,,,,,,,,,,,,,,,,,,,,,,,,,,,,,,,,,,,,,,,,,,,,,,,,,,,,,,,,,,,,,,,,,,,,,,,,,,,,,,TIC-175743566-91-SPOC-120,,,,,,,,
6,,,,,,,,,,,,,,,,,,,,,,,,,,,,,,,,,,,,,,,,,,,,,,,,,,,,,,,,,,,,,,,,,,,,,,,,,,,,,,,,,,,,,,,,,,,,TIC-98689067-91-SPOC-120,,,,,,,,
7,,,,,,,,,,,,,,,,,,,,,,,,,,,,,,,,,,,,,,,,,,,,,,,,,,,,,,,,,,,,,,,,,,,,,,,,,,,,,,,,,,,,,,,,,,,,TIC-49072162-91-SPOC-120,,,,,,,,
8,,,,,,,,,,,,,,,,,,,,,,,,,,,,,,,,,,,,,,,,,,,,,,,,,,,,,,,,,,,,,,,,,,,,,,,,,,,,,,,,,,,,,,,,,,,,TIC-203822419-91-SPOC-120,,,,,,,,
9,,,,,,,,,,,,,,,,,,,,,,,,,,,,,,,,,,,,,,,,,,,,,,,,,,,,,,,,,,,,,,,,,,,,,,,,,,,,,,,,,,,,,,,,,,,,TIC-48908525-91-FFI-200s,,,,,,,,
10,,,,,,,,,,,,,,,,,,,,,,,,,,,,,,,,,,,,,,,,,,,,,,,,,,,,,,,,,,,,,,,,,,,,,,,,,,,,,,,,,,,,,,,,,,,,TIC-49815071-91-SPOC-120,,,,,,,,
11,,,,,,,,,,,,,,,,,,,,,,,,,,,,,,,,,,,,,,,,,,,,,,,,,,,,,,,,,,,,,,,,,,,,,,,,,,,,,,,,,,,,,,,,,,,,TIC-204792541-91-SPOC-120,,,,,,,,
12,,,,,,,,,,,,,,,,,,,,,,,,,,,,,,,,,,,,,,,,,,,,,,,,,,,,,,,,,,,,,,,,,,,,,,,,,,,,,,,,,,,,,,,,,,,,TIC-205060766-91-SPOC-120,,,,,,,,
13,,,,,,,,,,,,,,,,,,,,,,,,,,,,,,,,,,,,,,,,,,,,,,,,,,,,,,,,,,,,,,,,,,,,,,,,,,,,,,,,,,,,,,,,,,,,TIC-68502886-91-SPOC-120,,,,,,,,
14,,,,,,,,,,,,,,,,,,,,,,,,,,,,,,,,,,,,,,,,,,,,,,,,,,,,,,,,,,,,,,,,,,,,,,,,,,,,,,,,,,,,,,,,,,,,TIC-66750314-91-SPOC-120,,,,,,,,
15,,,,,,,,,,,,,,,,,,,,,,,,,,,,,,,,,,,,,,,,,,,,,,,,,,,,,,,,,,,,,,,,,,,,,,,,,,,,,,,,,,,,,,,,,,,,TIC-12659333-91-SPOC-120,,,,,,,,
16,,,,,,,,,,,,,,,,,,,,,,,,,,,,,,,,,,,,,,,,,,,,,,,,,,,,,,,,,,,,,,,,,,,,,,,,,,,,,,,,,,,,,,,,,,,,TIC-49072492-91-SPOC-120,,,,,,,,
17,,,,,,,,,,,,,,,,,,,,,,,,,,,,,,,,,,,,,,,,,,,,,,,,,,,,,,,,,,,,,,,,,,,,,,,,,,,,,,,,,,,,,,,,,,,,TIC-49198167-91-SPOC-120,,,,,,,,
18,,,,,,,,,,,,,,,,,,,,,,,,,,,,,,,,,,,,,,,,,,,,,,,,,,,,,,,,,,,,,,,,,,,,,,,,,,,,,,,,,,,,,,,,,,,,TIC-49518818-91-SPOC-120,,,,,,,,
19,,,,,,,,,,,,,,,,,,,,,,,,,,,,,,,,,,,,,,,,,,,,,,,,,,,,,,,,,,,,,,,,,,,,,,,,,,,,,,,,,,,,,,,,,,,,,,,,,,,,
20,,,,,,,,,,,,,,,,,,,,,,,,,,,,,,,,,,,,,,,,,,,,,,,,,,,,,,,,,,,,,,,,,,,,,,,,,,,,,,,,,,,,,,,,,,,,TIC-9669706-91-SPOC-120,,,,,,,,
21,,,,,,,,,,,TIC-280945693-10-FFI-30min,TIC-280945693-11-SPOC-120,,,,,,,,,,,,,,,,,,,,,,,,,,TIC-280945693-37-SPOC-120,TIC-280945693-38-SPOC-120,,,,,,,,,,,,,,,,,,,,,,,,,,TIC-280945693-64-SPOC-120,TIC-280945693-65-SPOC-120,,,,,,,,,,,,,,,,,,,,,,,,,,,,,,,,,,
22,,,,,,,,,,,TIC-296790810-10-FFI-30min,TIC-296790810-11-FFI-30min,,,,,,,,,,,,,,,,,,,,,,,,,,TIC-296790810-37-FFI-10min,TIC-296790810-38-FFI-10min,,,,,,,,,,,,,,,,,,,,,,,,,,TIC-296790810-64-SPOC-120,TIC-296790810-65-SPOC-120,,,,,,,,,,,,,,,,,,,,,,,,,,,,,,,,,,
23,,,,,,,,,,,TIC-290889135-10-FFI-30min,TIC-290889135-11-FFI-30min,,,,,,,,,,,,,,,,,,,,,,,,,,TIC-290889135-37-FFI-10min,TIC-290889135-38-FFI-10min,,,,,,,,,,,,,,,,,,,,,,,,,,TIC-290889135-64-FFI-200s,TIC-290889135-65-FFI-200s,,,,,,,,,,,,,,,,,,,,,,,,,,,,,,,,,,
24,,,,,,,,,,,TIC-301432612-10-FFI-30min,TIC-301432612-11-FFI-30min,,,,,,,,,,,,,,,,,,,,,,,,,,TIC-301432612-37-FFI-10min,,,,,,,,,,,,,,,,,,,,,,,,,,,TIC-301432612-64-FFI-200s,,,,,,,,,,,,,,,,,,,,,,,,,,,,,,,,,,,
25,,,,,,,,,,,TIC-93763678-10-FFI-30min,,,,,,,,,,,,,,,,,,,,,,,,,,,,,,,,,,,,,,,,,,,,,,,,,,,,,,TIC-93763678-64-FFI-200s,,,,,,,,,,,,,,,,,,,,,,,,,,TIC-93763678-90-FFI-200s,,,,,,,,,
26,,,,,,,,,,,,TIC-448002486-11-FFI-30min,,,,,,,,,,,,,,,,,,,,,,,,,,,TIC-448002486-38-FFI-10min,,,,,,,,,,,,,,,,,,,,,,,,,,TIC-448002486-64-SPOC-120,TIC-448002486-65-SPOC-120,,,,,,,,,,,,,,,,,,,,,,,,,,,,,,,,,,
27,,,,,,,,,,,,TIC-328468855-11-FFI-30min,,,,,,,,,,,,,,,,,,,,,,,,,,,TIC-328468855-38-FFI-10min,,,,,,,,,,,,,,,,,,,,,,,,,,TIC-328468855-64-FFI-200s,,,,,,,,,,,,,,,,,,,,,,,,,,,,,,,,,,,
28,,,,,,,,,,,,TIC-435899024-11-FFI-30min,,,,,,,,,,,,,,,,,,,,,,,,,,,TIC-435899024-38-FFI-10min,,,,,,,,,,,,,,,,,,,,,,,,,,TIC-435899024-64-SPOC-120,TIC-435899024-65-SPOC-120,,,,,,,,,,,,,,,,,,,,,,,,,,,,,,,,,,
29,,,,,,,,,,,,TIC-973449111-11-FFI-30min,,,,,,,,,,,,,,,,,,,,,,,,,,,TIC-973449111-38-FFI-10min,,,,,,,,,,,,,,,,,,,,,,,,,,TIC-973449111-64-SPOC-120,TIC-973449111-65-SPOC-120,,,,,,,,,,,,,,,,,,,,,,,,,,,,,,,,,,
30,,,,,,,,,,,,TIC-309321971-11-FFI-30min,,,,,,,,,,,,,,,,,,,,,,,,,,,TIC-309321971-38-FFI-10min,,,,,,,,,,,,,,,,,,,,,,,,,,,TIC-309321971-65-FFI-200s,,,,,,,,,,,,,,,,,,,,,,,,,,,,,,,,,,
31,,,,,,,,,,,,,TIC-254612758-12-FFI-30min,,,,,,,,,,,,,,,,,,,,,,,,,,TIC-254612758-38-FFI-10min,,,,,,,,,,,,,,,,,,,,,,,,,,,TIC-254612758-65-SPOC-120,,,,,,,,,,,,,,,,,,,,,,,,,,,,,,,,,,
32,,,,,,,,,,,,,TIC-364291454-12-FFI-30min,,,,,,,,,,,,,,,,,,,,,,,,,,,,,,,,,,,,,,,,,,,,,,,,,,,,,,,,,,,,,,,,,,,,,,,,,,,,,,,,,,,,,,,
33,,,,,,,,,,,,,TIC-147828926-12-FFI-30min,,,,,,,,,,,,,,,,,,,,,,,,,,TIC-147828926-38-FFI-10min,,,,,,,,,,,,,,,,,,,,,,,,,,,TIC-147828926-65-FFI-200s,,,,,,,,,,,,,,,,,,,,,,,,,,,,,,,,,,
34,,,,,,,,,,,,,TIC-176205621-12-FFI-30min,,,,,,,,,,,,,,,,,,,,,,,,,,TIC-176205621-38-FFI-10min,,,,,,,,,,,,,,,,,,,,,,,,,,,TIC-176205621-65-FFI-200s,,,,,,,,,,,,,,,,,,,,,,,,,,,,,,,,,,
35,,,,,,,,,,,,TIC-276502773-11-FFI-30min,,,,,,,,,,,,,,,,,,,,,,,,,,,TIC-276502773-38-FFI-10min,,,,,,,,,,,,,,,,,,,,,,,,,,,TIC-276502773-65-FFI-200s,,,,,,,,,,,,,,,,,,,,,,,,,,,,,,,,,,
36,,,,,,,,,,,,,TIC-99207324-12-FFI-30min,,,,,,,,,,,,,,,,,,,,,,,,,,TIC-99207324-38-FFI-10min,,,,,,,,,,,,,,,,,,,,,,,,,,,TIC-99207324-65-SPOC-120,,,,,,,,,,,,,,,,,,,,,,,,,,,,,,,,,,
37,,,,,,,,,,,,TIC-310720311-11-FFI-30min,,,,,,,,,,,,,,,,,,,,,,,,,,TIC-310720311-37-FFI-10min,TIC-310720311-38-FFI-10min,,,,,,,,,,,,,,,,,,,,,,,,,,TIC-310720311-64-SPOC-120,TIC-310720311-65-SPOC-120,,,,,,,,,,,,,,,,,,,,,,,,,,,,,,,,,,
38,,,,,,,,,,,,TIC-405970436-11-FFI-30min,,,,,,,,,,,,,,,,,,,,,,,,,,TIC-405970436-37-FFI-10min,TIC-405970436-38-FFI-10min,,,,,,,,,,,,,,,,,,,,,,,,,,TIC-405970436-64-FFI-200s,TIC-405970436-65-FFI-200s,,,,,,,,,,,,,,,,,,,,,,,,,,,,,,,,,,
39,,,,,,,,,,,,TIC-406040223-11-FFI-30min,,,,,,,,,,,,,,,,,,,,,,,,,,TIC-406040223-37-FFI-10min,TIC-406040223-38-FFI-10min,,,,,,,,,,,,,,,,,,,,,,,,,,TIC-406040223-64-SPOC-120,TIC-406040223-65-SPOC-120,,,,,,,,,,,,,,,,,,,,,,,,,,,,,,,,,,
40,,,,,,,,,,,,TIC-207621404-11-FFI-30min,,,,,,,,,,,,,,,,,,,,,,,,,,,TIC-207621404-38-FFI-10min,,,,,,,,,,,,,,,,,,,,,,,,,,,TIC-207621404-65-SPOC-120,,,,,,,,,,,,,,,,,,,,,,,,,,,,,,,,,,
41,,,,,,,,,,,,TIC-405695928-11-FFI-30min,,,,,,,,,,,,,,,,,,,,,,,,,,TIC-405695928-37-SPOC-120,TIC-405695928-38-SPOC-120,,,,,,,,,,,,,,,,,,,,,,,,,,TIC-405695928-64-FFI-200s,,,,,,,,,,,,,,,,,,,,,,,,,,,,,,,,,,,
42,,,,,,,,,,,TIC-273821594-10-FFI-30min,TIC-273821594-11-FFI-30min,,,,,,,,,,,,,,,,,,,,,,,,,,TIC-273821594-37-FFI-10min,TIC-273821594-38-FFI-10min,,,,,,,,,,,,,,,,,,,,,,,,,,TIC-273821594-64-FFI-200s,,,,,,,,,,,,,,,,,,,,,,,,,,,,,,,,,,,
43,,,,,,,,,,,,TIC-419779703-11-FFI-30min,,,,,,,,,,,,,,,,,,,,,,,,,,TIC-419779703-37-FFI-10min,TIC-419779703-38-FFI-10min,,,,,,,,,,,,,,,,,,,,,,,,,,TIC-419779703-64-FFI-200s,,,,,,,,,,,,,,,,,,,,,,,,,,,,,,,,,,,
44,,,,,,,,,,,TIC-398768350-10-FFI-30min,TIC-398768350-11-FFI-30min,,,,,,,,,,,,,,,,,,,,,,,,,,TIC-398768350-37-FFI-10min,,,,,,,,,,,,,,,,,,,,,,,,,,,TIC-398768350-64-FFI-200s,,,,,,,,,,,,,,,,,,,,,,,,,,,,,,,,,,,
45,,,,,,,,,,,TIC-288093002-10-FFI-30min,TIC-288093002-11-FFI-30min,,,,,,,,,,,,,,,,,,,,,,,,,,TIC-288093002-37-FFI-10min,,,,,,,,,,,,,,,,,,,,,,,,,,,TIC-288093002-64-SPOC-120,,,,,,,,,,,,,,,,,,,,,,,,,,,,,,,,,,,
46,,,,,,,,,,,TIC-161734785-10-FFI-30min,TIC-161734785-11-FFI-30min,,,,,,,,,,,,,,,,,,,,,,,,,,TIC-161734785-37-FFI-10min,,,,,,,,,,,,,,,,,,,,,,,,,,,TIC-161734785-64-SPOC-120,,,,,,,,,,,,,,,,,,,,,,,,,,,,,,,,,,,
47,,,,,,,,,,,TIC-165904363-10-FFI-30min,TIC-165904363-11-FFI-30min,,,,,,,,,,,,,,,,,,,,,,,,,,TIC-165904363-37-FFI-10min,,,,,,,,,,,,,,,,,,,,,,,,,,,TIC-165904363-64-SPOC-120,,,,,,,,,,,,,,,,,,,,,,,,,,,,,,,,,,,
48,,,,,,,,,,,,TIC-404335106-11-FFI-30min,,,,,,,,,,,,,,,,,,,,,,,,,,TIC-404335106-37-FFI-10min,TIC-404335106-38-FFI-10min,,,,,,,,,,,,,,,,,,,,,,,,,,TIC-404335106-64-FFI-200s,,,,,,,,,,,,,,,,,,,,,,,,,,,,,,,,,,,
49,,,,,,,,,,,,TIC-404387832-11-FFI-30min,,,,,,,,,,,,,,,,,,,,,,,,,,TIC-404387832-37-FFI-10min,TIC-404387832-38-FFI-10min,,,,,,,,,,,,,,,,,,,,,,,,,,TIC-404387832-64-FFI-200s,,,,,,,,,,,,,,,,,,,,,,,,,,,,,,,,,,,
50,,,,,,,,,,,,TIC-328906141-11-FFI-30min,,,,,,,,,,,,,,,,,,,,,,,,,,,TIC-328906141-38-FFI-10min,,,,,,,,,,,,,,,,,,,,,,,,,,,TIC-328906141-65-SPOC-120,,,,,,,,,,,,,,,,,,,,,,,,,,,,,,,,,,
51,,,,,,,,,,,,TIC-329694185-11-FFI-30min,,,,,,,,,,,,,,,,,,,,,,,,,,,TIC-329694185-38-FFI-10min,,,,,,,,,,,,,,,,,,,,,,,,,,,TIC-329694185-65-FFI-200s,,,,,,,,,,,,,,,,,,,,,,,,,,,,,,,,,,
52,,,,,,,,,,,,TIC-330560000-11-FFI-30min,,,,,,,,,,,,,,,,,,,,,,,,,,,TIC-330560000-38-FFI-10min,,,,,,,,,,,,,,,,,,,,,,,,,,,TIC-330560000-65-SPOC-120,,,,,,,,,,,,,,,,,,,,,,,,,,,,,,,,,,
53,,,,,,,,,,,,TIC-211513644-11-FFI-30min,,,,,,,,,,,,,,,,,,,,,,,,,,,,,,,,,,,,,,,,,,,,,,,,,,,,,,TIC-211513644-65-SPOC-120,,,,,,,,,,,,,,,,,,,,,,,,,,,,,,,,,,
54,,,,,,,,,,,,TIC-242407571-11-FFI-30min,,,,,,,,,,,,,,,,,,,,,,,,,,,TIC-242407571-38-FFI-10min,,,,,,,,,,,,,,,,,,,,,,,,,,,TIC-242407571-65-SPOC-120,,,,,,,,,,,,,,,,,,,,,,,,,,,,,,,,,,
55,,,,,,,,,,,,TIC-127866051-11-FFI-30min,,,,,,,,,,,,,,,,,,,,,,,,,,,TIC-127866051-38-FFI-10min,,,,,,,,,,,,,,,,,,,,,,,,,,,TIC-127866051-65-FFI-200s,,,,,,,,,,,,,,,,,,,,,,,,,,,,,,,,,,
56,,,,,,,,,,,,TIC-127246012-11-FFI-30min,,,,,,,,,,,,,,,,,,,,,,,,,,,TIC-127246012-38-FFI-10min,,,,,,,,,,,,,,,,,,,,,,,,,,,TIC-127246012-65-FFI-200s,,,,,,,,,,,,,,,,,,,,,,,,,,,,,,,,,,
57,,,,,,,,,,,,TIC-129309458-11-FFI-30min,,,,,,,,,,,,,,,,,,,,,,,,,,,TIC-129309458-38-FFI-10min,,,,,,,,,,,,,,,,,,,,,,,,,,,TIC-129309458-65-FFI-200s,,,,,,,,,,,,,,,,,,,,,,,,,,,,,,,,,,
58,,,,,,,,,,,,TIC-127309526-11-FFI-30min,,,,,,,,,,,,,,,,,,,,,,,,,,,TIC-127309526-38-FFI-10min,,,,,,,,,,,,,,,,,,,,,,,,,,,TIC-127309526-65-SPOC-120,,,,,,,,,,,,,,,,,,,,,,,,,,,,,,,,,,
59,,,,,,,,,,,,TIC-241884143-11-FFI-30min,,,,,,,,,,,,,,,,,,,,,,,,,,,TIC-241884143-38-FFI-10min,,,,,,,,,,,,,,,,,,,,,,,,,,,TIC-241884143-65-FFI-200s,,,,,,,,,,,,,,,,,,,,,,,,,,,,,,,,,,
60,,,,,,,,,,,,TIC-243499565-11-FFI-30min,,,,,,,,,,,,,,,,,,,,,,,,,,,TIC-243499565-38-SPOC-120,,,,,,,,,,,,,,,,,,,,,,,,,,TIC-243499565-64-SPOC-120,,,,,,,,,,,,,,,,,,,,,,,,,,,,,,,,,,,
61,,,,,,,,,,,,TIC-243449997-11-FFI-30min,,,,,,,,,,,,,,,,,,,,,,,,,,,TIC-243449997-38-FFI-10min,,,,,,,,,,,,,,,,,,,,,,,,,,TIC-243449997-64-FFI-200s,,,,,,,,,,,,,,,,,,,,,,,,,,,,,,,,,,,
62,,,,,,,,,,,,TIC-243611773-11-FFI-30min,,,,,,,,,,,,,,,,,,,,,,,,,,,TIC-243611773-38-FFI-10min,,,,,,,,,,,,,,,,,,,,,,,,,,TIC-243611773-64-SPOC-120,,,,,,,,,,,,,,,,,,,,,,,,,,,,,,,,,,,
63,,,,,,,,,,,,TIC-243381460-11-FFI-30min,,,,,,,,,,,,,,,,,,,,,,,,,,,TIC-243381460-38-FFI-10min,,,,,,,,,,,,,,,,,,,,,,,,,,,,,,,,,,,,,,,,,,,,,,,,,,,,,,,,,,,,,
64,,,,,,,,,,,,TIC-179367270-11-FFI-30min,,,,,,,,,,,,,,,,,,,,,,,,,,,TIC-179367270-38-SPOC-120,,,,,,,,,,,,,,,,,,,,,,,,,,TIC-179367270-64-FFI-200s,,,,,,,,,,,,,,,,,,,,,,,,,,,,,,,,,,,
65,,,,,,,,,,,TIC-248145126-10-FFI-30min,TIC-248145126-11-FFI-30min,,,,,,,,,,,,,,,,,,,,,,,,,,TIC-248145126-37-FFI-10min,,,,,,,,,,,,,,,,,,,,,,,,,,,TIC-248145126-64-SPOC-120,,,,,,,,,,,,,,,,,,,,,,,,,,,,,,,,,,,
66,,,,,,,,,,,TIC-135162879-10-FFI-30min,,,,,,,,,,,,,,,,,,,,,,,,,,,TIC-135162879-37-FFI-10min,,,,,,,,,,,,,,,,,,,,,,,,,,,TIC-135162879-64-SPOC-120,,,,,,,,,,,,,,,,,,,,,,,,,,,,,,,,,,,
67,,,,,,,,,,,,TIC-121840452-11-FFI-30min,,,,,,,,,,,,,,,,,,,,,,,,,,,TIC-121840452-38-FFI-10min,,,,,,,,,,,,,,,,,,,,,,,,,,,TIC-121840452-65-SPOC-120,,,,,,,,,,,,,,,,,,,,,,,,,,,,,,,,,,
68,,,,,,,,,,,,TIC-461643692-11-FFI-30min,,,,,,,,,,,,,,,,,,,,,,,,,,,TIC-461643692-38-FFI-10min,,,,,,,,,,,,,,,,,,,,,,,,,,,TIC-461643692-65-SPOC-120,,,,,,,,,,,,,,,,,,,,,,,,,,,,,,,,,,
69,,,,,,,,,,,,TIC-272398365-11-FFI-30min,,,,,,,,,,,,,,,,,,,,,,,,,,,TIC-272398365-38-FFI-10min,,,,,,,,,,,,,,,,,,,,,,,,,,,TIC-272398365-65-FFI-200s,,,,,,,,,,,,,,,,,,,,,,,,,,,,,,,,,,
70,,,,,,,,,,,,,,,,,,,,,,,,,,,,,,,,,,,,,,,,,,,TIC-440686535-42-SPOC-120,TIC-440686535-43-SPOC-120,TIC-440686535-44-FFI-10min,,,,,,,,,,,,,,,,,,,,,,,,,,TIC-440686535-70-FFI-200s,TIC-440686535-71-FFI-200s,,,,,,,,,,,,,,,,,,,,,,,,,,,,
71,,,,,,,,,,,,,,,,,,,,,,,,,,,,,,,,,,,,,,,,,,,TIC-440690770-42-FFI-10min,TIC-440690770-43-FFI-10min,TIC-440690770-44-FFI-10min,,,,,,,,,,,,,,,,,,,,,,,,,,TIC-440690770-70-SPOC-120,TIC-440690770-71-SPOC-120,,,,,,,,,,,,,,,,,,,,,,,,,,,,
72,,,,,,,,,,,,,,,,,,,,,,,,,,,,,,,,,,,,,,,,,,,TIC-67768181-42-SPOC-120,TIC-67768181-43-SPOC-120,TIC-67768181-44-SPOC-120,,,,,,,,,,,,,,,,,,,,,,,,,,TIC-67768181-70-SPOC-120,TIC-67768181-71-SPOC-120,,,,,,,,,,,,,,,,,,,,,,,,,,,,
73,,,,,,,,,,,,,,,,,,,,,,,,,,,,,,,,,,,,,,,,,,,,TIC-14334105-43-FFI-10min,TIC-14334105-44-FFI-10min,,,,,,,,,,,,,,,,,,,,,,,,,,TIC-14334105-70-FFI-200s,TIC-14334105-71-FFI-200s,,,,,,,,,,,,,,,,,,,,,,,,,,,,
74,,,,,,,,,,,,,,,,,,,,,,,,,,,,,,,,,,,,,,,,,,,TIC-353927317-42-SPOC-120,TIC-353927317-43-SPOC-120,TIC-353927317-44-SPOC-120,,,,,,,,,,,,,,,,,,,,,,,,,,TIC-353927317-70-FFI-200s,TIC-353927317-71-FFI-200s,,,,,,,,,,,,,,,,,,,,,,,,,,,,
75,,,,TIC-165184400-3-FFI-30min,TIC-165184400-4-SPOC-120,,,,,,,,,,,,,,,,,,,,,,,,,,TIC-165184400-30-SPOC-120,TIC-165184400-31-SPOC-120,,,,,,,,,,,,,,,,,,,,,,,,,,,,,,,,,,,,,,,,,,,,,,,,,,,,,,,,,,,,,,,,,,TIC-165184400-97-FFI-200s,,
76,,,,,,,,,,,TIC-465268712-10-FFI-30min,TIC-465268712-11-FFI-30min,,,,,,,,,,,,,,,,,,,,,,,,,,TIC-465268712-37-FFI-10min,TIC-465268712-38-FFI-10min,,,,,,,,,,,,,,,,,,,,,,,,,,TIC-465268712-64-FFI-200s,TIC-465268712-65-FFI-200s,,,,,,,,,,,,,,,,,,,,,,,,,TIC-465268712-90-FFI-200s,,,,,,,,,
77,,,,,,,,,,TIC-370829038-9-FFI-30min,TIC-370829038-10-FFI-30min,TIC-370829038-11-FFI-30min,,,,,,,,,,,,,,,,,,,,,,,,,TIC-370829038-36-FFI-10min,TIC-370829038-37-FFI-10min,TIC-370829038-38-FFI-10min,,,,,,,,,,,,,,,,,,,,,,,,,TIC-370829038-63-FFI-200s,TIC-370829038-64-FFI-200s,TIC-370829038-65-FFI-200s,,,,,,,,,,,,,,,,,,,,,,,,,TIC-370829038-90-SPOC-120,,,,,,,,,
78,,,,,,,,,TIC-342456426-8-FFI-30min,TIC-342456426-9-FFI-30min,TIC-342456426-10-FFI-30min,,,,,,,,,,,,,,,,,,,,,,,,TIC-342456426-34-FFI-10min,TIC-342456426-35-FFI-10min,TIC-342456426-36-FFI-10min,,,,,,,,,,,,,,,,,,,,,,,,,TIC-342456426-61-SPOC-120,TIC-342456426-62-SPOC-120,TIC-342456426-63-SPOC-120,,,,,,,,,,,,,,,,,,,,,,,,,TIC-342456426-88-SPOC-120,TIC-342456426-89-SPOC-120,TIC-342456426-90-SPOC-120,,,,,,,,,
79,,,,,,,,,TIC-92740519-8-FFI-30min,TIC-92740519-9-FFI-30min,,,,,,,,,,,,,,,,,,,,,,,,,,TIC-92740519-35-FFI-10min,TIC-92740519-36-FFI-10min,,,,,,,,,,,,,,,,,,,,,,,,,TIC-92740519-61-FFI-200s,TIC-92740519-62-FFI-200s,,,,,,,,,,,,,,,,,,,,,,,,,,TIC-92740519-88-FFI-200s,TIC-92740519-89-SPOC-120,TIC-92740519-90-SPOC-120,,,,,,,,,
80,,,,,,,,,,,,,,,,,,,,,,,,,,,,,,,,,,,,,,,,,,,,TIC-353730181-43-SPOC-120,TIC-353730181-44-SPOC-120,,,,,,,,,,,,,,,,,,,,,,,,,,TIC-353730181-70-SPOC-120,TIC-353730181-71-SPOC-120,,,,,,,,,,,,,,,,,,,,,,,,,,,,
81,,,,,,,,,,,,,,,,,,,,,,,,TIC-368129164-23-SPOC-120,,,,,,,,,,,,,,,,,,,,,,,,,,,TIC-368129164-50-SPOC-120,,,,,,,,,,,,,,,,,,,,,,,,,,,TIC-368129164-77-SPOC-120,,,,,,,,,,,,,,,,,,,,,,
82,,,,,,,,,,,,,,,,,,,,,,,,,,,,,,,,,,,,,,,,,,,,TIC-267953787-43-SPOC-120,TIC-267953787-44-SPOC-120,,,,,,,,,,,,,,,,,,,,,,,,,,TIC-267953787-70-SPOC-120,TIC-267953787-71-SPOC-120,,,,,,,,,,,,,,,,,,,,,,,,,,,,
83,,,,,,,,,,,,,,,,,,,,,,,,,,,,,,,,,,,,,,,,,,,,TIC-59836633-43-SPOC-120,TIC-59836633-44-SPOC-120,,,,,,,,,,,,,,,,,,,,,,,,,,,TIC-59836633-71-FFI-200s,,,,,,,,,,,,,,,,,,,,,,,,,,,,
84,,,,,,,,,,,,,,,,,,,,TIC-2234692-19-SPOC-120,,,,,,,,,,,,,,,,,,,,,,,,TIC-2234692-43-SPOC-120,TIC-2234692-44-SPOC-120,TIC-2234692-45-SPOC-120,,,,,,,,,,,,,,TIC-2234692-59-FFI-200s,,,,,,,,,,,,TIC-2234692-71-SPOC-120,,TIC-2234692-73-SPOC-120,,,,,,,,,,,,,TIC-2234692-86-SPOC-120,,,,,,,,,,,,,
85,,,TIC-332517282-2-SPOC-120,,,,,,,,,,,,,,,,,,,,,,,,,,,TIC-332517282-29-SPOC-120,,,,,,,,,,,,,,,,,,,,,,,,,,,,,,,,,,,,,,,,TIC-332517282-69-SPOC-120,,,,,,,,,,,,,,,,,,,,,,,,,,,TIC-332517282-96-FFI-200s,,,
86,,,,,,TIC-146539195-5-SPOC-120,,,,,,,,,,,,,,,,,,,,,,,,,,,TIC-146539195-32-SPOC-120,,,,,,,,,,,,,,,,,,,,,,,,,,,,,,,,,,,,,,,,,,,,,,,,,,,,,,,,,,,,,,,,,,,
87,,,,,,,,TIC-264599508-7-SPOC-120,,,,,,,,,,,,,,,,,,,,,,,,,,TIC-264599508-33-SPOC-120,,,,,,,,,,,TIC-264599508-44-SPOC-120,TIC-264599508-45-SPOC-120,TIC-264599508-46-SPOC-120,,,,,,,,,,,,,,,,,,,,,,,,,TIC-264599508-71-SPOC-120,TIC-264599508-72-SPOC-120,,,,,,,,,,,,,,,TIC-264599508-87-SPOC-120,,,,,,,,,,,,
88,,,,,,,TIC-50745567-6-SPOC-120,,,,,,,,,,,,,,,,,,,,,,,,,,TIC-50745567-32-SPOC-120,,,,,,,,,,,,,,,,,,,,,,,,,,,,,,,,,,,,,,,,,,,,,,,,,,,,,,,,,,,,,,,,,,,
89,,,,,,,,,,,,,,,,,,,,,,,,,,,,,,,,TIC-38539720-31-SPOC-120,,,,,,,,,,,,,,,,,,,,,,,,,,,,,,,,,,,,,,,,,,,,,,,,,,,,,,,,,,,,,,,,,,,,
90,,,,,,,,,,,,,,,,,,,,,,,,,,,,,,,,TIC-311092148-31-SPOC-120,,,,,,,,,,,,,,,,,,,,,,,,,,,,,,,,,,,,,,,,,,,,,,,,,,,,,,,,,,,,,,,,,,,,
91,,,,,,,,,,,,,,,,,,,,,,,,,,,,,,,,,,,,,,,,,,,,TIC-68812630-43-SPOC-120,TIC-68812630-44-SPOC-120,,,,,,,,,,,,,,,,,,,,,,,,,,,TIC-68812630-71-SPOC-120,,,,,,,,,,,,,,,,,,,,,,,,,,,,
92,,,,,,,,,,,,,,,,,,,,,,,,,,,,,,,,,,,,,,,,,,,,TIC-118449916-43-SPOC-120,TIC-118449916-44-SPOC-120,,,,,,,,,,,,,,,,,,,,,,,,,,TIC-118449916-70-SPOC-120,TIC-118449916-71-SPOC-120,,,,,,,,,,,,,,,,,,,,,,,,,,,,
93,,,,,,,,,,,TIC-142173958-10-SPOC-120,,,,,,,,,,,,,,,,,,,,,,,,,,,TIC-142173958-37-SPOC-120,,,,,,,,,,,,,,,,,,,,,,,,,,,,,,,,,,,,,,,,,,,,,,,,,,,,,TIC-142173958-90-SPOC-120,,,,,,,,,
94,,,,,,,,,,,,,,TIC-193831684-13-SPOC-120,,,,,,,,,,,,,,,,,,,,,,,,,,TIC-193831684-39-SPOC-120,,,,,,,,,,,,,,,,,,,,,,,,,,,TIC-193831684-66-SPOC-120,,,,,,,,,,,,,,,,,,,,,,,,,TIC-193831684-91-SPOC-120,TIC-193831684-92-SPOC-120,TIC-193831684-93-SPOC-120,,,,,,
95,,TIC-38820496-1-SPOC-120,TIC-38820496-2-SPOC-120,,,,,,,,,,,,,,,,,,,,,,,,,TIC-38820496-27-SPOC-120,TIC-38820496-28-SPOC-120,,,,,,,,,,,,,,,,,,,,,,,,,,,,,,,,,,,,,,,TIC-38820496-67-FFI-200s,TIC-38820496-68-SPOC-120,,,,,,,,,,,,,,,,,,,,,,,,,,,TIC-38820496-95-SPOC-120,TIC-38820496-96-SPOC-120,,,
96,,,TIC-201898222-2-SPOC-120,TIC-201898222-3-SPOC-120,,,,,,,,,,,,,,,,,,,,,,,,,,TIC-201898222-29-SPOC-120,TIC-201898222-30-SPOC-120,,,,,,,,,,,,,,,,,,,,,,,,,,,,,,,,,,,,,,,TIC-201898222-69-FFI-200s,,,,,,,,,,,,,,,,,,,,,,,,,,,TIC-201898222-96-SPOC-120,TIC-201898222-97-FFI-200s,,
97,,,TIC-201789285-2-SPOC-120,TIC-201789285-3-SPOC-120,,,,,,,,,,,,,,,,,,,,,,,,,,TIC-201789285-29-SPOC-120,TIC-201789285-30-SPOC-120,,,,,,,,,,,,,,,,,,,,,,,,,,,,,,,,,,,,,,,TIC-201789285-69-SPOC-120,,,,,,,,,,,,,,,,,,,,,,,,,,,TIC-201789285-96-SPOC-120,TIC-201789285-97-FFI-200s,,
98,,,,,,TIC-144486786-5-SPOC-120,TIC-144486786-6-SPOC-120,,,,,,,,,,,,,,,,,,,,,,,,,,TIC-144486786-32-SPOC-120,TIC-144486786-33-SPOC-120,,,,,,,,,,,,,,,,,,,,,,,,,,,,,,,,,,,,,,,,,,,,,,,,,,,,,,TIC-144486786-87-SPOC-120,,,,,,,,,,,,
99,,TIC-425937691-1-SPOC-120,TIC-425937691-2-SPOC-120,,,,,,,,,,,,,,,,,,,,,,,,,,TIC-425937691-28-SPOC-120,TIC-425937691-29-FFI-10min,,,,,,,,,,,,,,,,,,,,,,,,,,,,,,,,,,,,,,,TIC-425937691-68-SPOC-120,TIC-425937691-69-SPOC-120,,,,,,,,,,,,,,,,,,,,,,,,,,TIC-425937691-95-SPOC-120,TIC-425937691-96-SPOC-120,,,
100,,TIC-425933644-1-SPOC-120,TIC-425933644-2-SPOC-120,,,,,,,,,,,,,,,,,,,,,,,,,,TIC-425933644-28-SPOC-120,TIC-425933644-29-SPOC-120,,,,,,,,,,,,,,,,,,,,,,,,,,,,,,,,,,,,,,,TIC-425933644-68-SPOC-120,TIC-425933644-69-SPOC-120,,,,,,,,,,,,,,,,,,,,,,,,,,TIC-425933644-95-SPOC-120,TIC-425933644-96-SPOC-120,,,
101,,TIC-206544316-1-SPOC-120,TIC-206544316-2-SPOC-120,,,,,,,,,,,,,,,,,,,,,,,,,,TIC-206544316-28-SPOC-120,TIC-206544316-29-SPOC-120,,,,,,,,,,,,,,,,,,,,,,,,,,,,,,,,,,,,,,,TIC-206544316-68-SPOC-120,TIC-206544316-69-SPOC-120,,,,,,,,,,,,,,,,,,,,,,,,,,TIC-206544316-95-SPOC-120,TIC-206544316-96-SPOC-120,,,
102,,,,TIC-178155030-3-SPOC-120,TIC-178155030-4-SPOC-120,,,,,,,,,,,,,,,,,,,,,,,,,,TIC-178155030-30-SPOC-120,TIC-178155030-31-SPOC-120,,,,,,,,,,,,,,,,,,,,,,,,,,,,,,,,,,,,,,,,,,,,,,,,,,,,,,,,,,,,,,,,,,TIC-178155030-97-FFI-200s,,
103,,,,,TIC-141306513-4-SPOC-120,,,,,,,,,,,,,,,,,,,,,,,,,,,TIC-141306513-31-SPOC-120,,,,,,,,,,,,,,,,,,,,,,,,,,,,,,,,,,,,,,,,,,,,,,,,,,,,,,,,,,,,,,,,,,,,
104,,,,,,,,,,,TIC-397791443-10-FFI-30min,TIC-397791443-11-FFI-30min,,,,,,,,,,,,,,,,,,,,,,,,,,TIC-397791443-37-SPOC-120,TIC-397791443-38-SPOC-120,,,,,,,,,,,,,,,,,,,,,,,,,TIC-397791443-63-FFI-200s,TIC-397791443-64-FFI-200s,TIC-397791443-65-FFI-200s,,,,,,,,,,,,,,,,,,,,,,,,,TIC-397791443-90-SPOC-120,,,,,,,,,
105,,TIC-177309964-1-SPOC-120,TIC-177309964-2-SPOC-120,TIC-177309964-3-SPOC-120,TIC-177309964-4-SPOC-120,TIC-177309964-5-SPOC-120,TIC-177309964-6-SPOC-120,TIC-177309964-7-SPOC-120,TIC-177309964-8-SPOC-120,TIC-177309964-9-SPOC-120,TIC-177309964-10-SPOC-120,TIC-177309964-11-SPOC-120,TIC-177309964-12-SPOC-120,TIC-177309964-13-SPOC-120,,,,,,,,,,,,,,TIC-177309964-27-SPOC-120,TIC-177309964-28-SPOC-120,TIC-177309964-29-SPOC-120,TIC-177309964-30-SPOC-120,TIC-177309964-31-SPOC-120,,TIC-177309964-33-SPOC-120,TIC-177309964-34-SPOC-120,TIC-177309964-35-SPOC-120,TIC-177309964-36-SPOC-120,TIC-177309964-37-SPOC-120,TIC-177309964-38-SPOC-120,TIC-177309964-39-SPOC-120,,,,,,,,,,,,,,,,,,,,,,TIC-177309964-61-SPOC-120,TIC-177309964-62-SPOC-120,TIC-177309964-63-SPOC-120,TIC-177309964-64-SPOC-120,TIC-177309964-65-SPOC-120,TIC-177309964-66-SPOC-120,TIC-177309964-67-SPOC-120,TIC-177309964-68-SPOC-120,TIC-177309964-69-SPOC-120,,,,,,,,,,,,,,,,,,TIC-177309964-87-SPOC-120,TIC-177309964-88-SPOC-120,TIC-177309964-89-SPOC-120,TIC-177309964-90-SPOC-120,,,TIC-177309964-93-SPOC-120,TIC-177309964-94-SPOC-120,TIC-177309964-95-SPOC-120,TIC-177309964-96-SPOC-120,TIC-177309964-97-FFI-200s,,
106,,TIC-300651846-1-FFI-30min,TIC-300651846-2-FFI-30min,TIC-300651846-3-FFI-30min,TIC-300651846-4-FFI-30min,TIC-300651846-5-FFI-30min,TIC-300651846-6-FFI-30min,TIC-300651846-7-FFI-30min,TIC-300651846-8-FFI-30min,TIC-300651846-9-FFI-30min,TIC-300651846-10-FFI-30min,TIC-300651846-11-FFI-30min,TIC-300651846-12-FFI-30min,TIC-300651846-13-FFI-30min,,,,,,,,,,,,,,TIC-300651846-27-FFI-10min,TIC-300651846-28-FFI-10min,TIC-300651846-29-FFI-10min,TIC-300651846-30-FFI-10min,TIC-300651846-31-FFI-10min,TIC-300651846-32-SPOC-120,TIC-300651846-33-SPOC-120,TIC-300651846-34-SPOC-120,TIC-300651846-35-SPOC-120,TIC-300651846-36-SPOC-120,TIC-300651846-37-SPOC-120,TIC-300651846-38-SPOC-120,TIC-300651846-39-SPOC-120,,,,,,,,,,,,,,,,,,,,,,TIC-300651846-61-SPOC-120,TIC-300651846-62-SPOC-120,TIC-300651846-63-SPOC-120,TIC-300651846-64-SPOC-120,TIC-300651846-65-SPOC-120,TIC-300651846-66-SPOC-120,,TIC-300651846-68-SPOC-120,TIC-300651846-69-SPOC-120,,,,,,,,,,,,,,,,,,TIC-300651846-87-SPOC-120,TIC-300651846-88-SPOC-120,TIC-300651846-89-SPOC-120,TIC-300651846-90-FFI-200s,,,TIC-300651846-93-SPOC-120,TIC-300651846-94-FFI-200s,TIC-300651846-95-SPOC-120,TIC-300651846-96-SPOC-120,TIC-300651846-97-FFI-200s,,
107,,,,,,,,,TIC-264767454-8-SPOC-120,TIC-264767454-9-SPOC-120,TIC-264767454-10-SPOC-120,,,,,,,,,,,,,,,,,TIC-264767454-27-FFI-10min,,,,,,,TIC-264767454-34-SPOC-120,TIC-264767454-35-SPOC-120,TIC-264767454-36-SPOC-120,TIC-264767454-37-SPOC-120,,,,,,,,,,,,,,,,,,,,,,,,TIC-264767454-61-FFI-200s,TIC-264767454-62-FFI-200s,TIC-264767454-63-FFI-200s,,,,TIC-264767454-67-FFI-200s,,,,,,,,,,,,,,,,,,,,TIC-264767454-87-FFI-200s,TIC-264767454-88-SPOC-120,TIC-264767454-89-SPOC-120,TIC-264767454-90-SPOC-120,,,,,,,TIC-264767454-97-FFI-200s,,
108,,,,,,,,,TIC-89463560-8-SPOC-120,TIC-89463560-9-SPOC-120,TIC-89463560-10-SPOC-120,,,,,,,,,,,,,,,,,,,,,,,,,TIC-89463560-35-SPOC-120,TIC-89463560-36-SPOC-120,TIC-89463560-37-SPOC-120,,,,,,,,,,,,,,,,,,,,,,,,TIC-89463560-61-SPOC-120,TIC-89463560-62-SPOC-120,TIC-89463560-63-SPOC-120,TIC-89463560-64-SPOC-120,,,,,,,,,,,,,,,,,,,,,,,,TIC-89463560-88-FFI-200s,TIC-89463560-89-SPOC-120,TIC-89463560-90-SPOC-120,,,,,,,,,
109,,,,,,,,,,,TIC-94088626-10-SPOC-120,,,,,,,,,,,,,,,,,,,,,,,,,,,TIC-94088626-37-FFI-10min,,,,,,,,,,,,,,,,,,,,,,,,,,,TIC-94088626-64-FFI-200s,,,,,,,,,,,,,,,,,,,,,,,,,,TIC-94088626-90-SPOC-120,,,,,,,,,
110,,TIC-294328887-1-FFI-30min,TIC-294328887-2-FFI-30min,TIC-294328887-3-FFI-30min,TIC-294328887-4-FFI-30min,TIC-294328887-5-SPOC-120,TIC-294328887-6-FFI-30min,TIC-294328887-7-FFI-30min,TIC-294328887-8-FFI-30min,TIC-294328887-9-FFI-30min,TIC-294328887-10-FFI-30min,TIC-294328887-11-FFI-30min,TIC-294328887-12-FFI-30min,TIC-294328887-13-FFI-30min,,,,,,,,,,,,,,TIC-294328887-27-FFI-10min,TIC-294328887-28-FFI-10min,TIC-294328887-29-FFI-10min,TIC-294328887-30-FFI-10min,TIC-294328887-31-FFI-10min,TIC-294328887-32-SPOC-120,TIC-294328887-33-SPOC-120,TIC-294328887-34-SPOC-120,TIC-294328887-35-SPOC-120,TIC-294328887-36-SPOC-120,TIC-294328887-37-SPOC-120,TIC-294328887-38-SPOC-120,TIC-294328887-39-SPOC-120,,,,,,,,,,,,,,,,,,,,,,TIC-294328887-61-FFI-200s,TIC-294328887-62-FFI-200s,TIC-294328887-63-FFI-200s,TIC-294328887-64-FFI-200s,TIC-294328887-65-FFI-200s,TIC-294328887-66-FFI-200s,TIC-294328887-67-FFI-200s,TIC-294328887-68-FFI-200s,TIC-294328887-69-FFI-200s,,,,,,,,,,,,,,,,,,TIC-294328887-87-SPOC-120,TIC-294328887-88-SPOC-120,TIC-294328887-89-SPOC-120,TIC-294328887-90-SPOC-120,,,TIC-294328887-93-SPOC-120,TIC-294328887-94-SPOC-120,TIC-294328887-95-SPOC-120,TIC-294328887-96-SPOC-120,TIC-294328887-97-FFI-200s,,
111,,,,,,,,TIC-363963079-7-SPOC-120,TIC-363963079-8-SPOC-120,,,,,,,,,,,,,,,,,,,,,,,,,TIC-363963079-33-SPOC-120,TIC-363963079-34-SPOC-120,TIC-363963079-35-SPOC-120,,,,,,,,,,,,,,,,,,,,,,,,,,TIC-363963079-61-FFI-200s,TIC-363963079-62-FFI-200s,,,,,,,,,,,,,,,,,,,,,,,,,TIC-363963079-87-SPOC-120,TIC-363963079-88-FFI-200s,TIC-363963079-89-SPOC-120,,,,,,,,,,
112,,,,,,,,,,,,,,,,,,,TIC-402980664-18-SPOC-120,TIC-402980664-19-SPOC-120,,,,,,TIC-402980664-25-SPOC-120,TIC-402980664-26-SPOC-120,,,,,,,,,,,,,,,,,,,,,,,,,,,TIC-402980664-53-SPOC-120,,,,,TIC-402980664-58-SPOC-120,TIC-402980664-59-SPOC-120,,,,,,,,,,,,,,TIC-402980664-73-SPOC-120,,,,,TIC-402980664-78-SPOC-120,TIC-402980664-79-SPOC-120,,,,,,TIC-402980664-85-SPOC-120,TIC-402980664-86-SPOC-120,,,,,,,,,,,,,
113,,,,,,,,,,,,TIC-359892714-11-SPOC-120,TIC-359892714-12-SPOC-120,,,,,,,,,,,,,,,,,,,,,,,,,,TIC-359892714-38-SPOC-120,TIC-359892714-39-SPOC-120,,,,,,,,,,,,,,,,,,,,,,,,,TIC-359892714-64-SPOC-120,TIC-359892714-65-SPOC-120,,,,,,,,,,,,,,,,,,,,,,,,,,,,,,,,,,
114,,,,,,,,,,,,TIC-335598085-11-SPOC-120,,,,,,,,,,,,,,,,,,,,,,,,,,,,,,,,,,,,,,,,,,,,,,,,,,,,,TIC-335598085-64-SPOC-120,TIC-335598085-65-SPOC-120,,,,,,,,,,,,,,,,,,,,,,,,,,,,,,,,,,
115,,,,,,,,,,,,,TIC-442571495-12-SPOC-120,,,,,,,,,,,,,,,,,,,,,,,,,,TIC-442571495-38-SPOC-120,,,,,,,,,,,,,,,,,,,,,,,,,,,TIC-442571495-65-FFI-200s,,,,,,,,,,,,,,,,,,,,,,,,,,TIC-442571495-91-FFI-200s,,,,,,,,
116,,,,,,,,,,,,,TIC-67897871-12-SPOC-120,,,,,,,,,,,,,,,,,,,,,,,,,,,,,,,,,,,,,,,,,,,,,,,,,,,,,TIC-67897871-65-FFI-200s,,,,,,,,,,,,,,,,,,,,,,,,,,TIC-67897871-91-SPOC-120,,,,,,,,
117,,,,,,,,,,,,TIC-405754448-11-SPOC-120,,,,,,,,,,,,,,,,,,,,,,,,,,TIC-405754448-37-SPOC-120,TIC-405754448-38-SPOC-120,,,,,,,,,,,,,,,,,,,,,,,,,,TIC-405754448-64-FFI-200s,TIC-405754448-65-FFI-200s,,,,,,,,,,,,,,,,,,,,,,,,,,,,,,,,,,
118,,,,,,,,,,,,TIC-405910546-11-FFI-30min,,,,,,,,,,,,,,,,,,,,,,,,,,TIC-405910546-37-SPOC-120,TIC-405910546-38-SPOC-120,,,,,,,,,,,,,,,,,,,,,,,,,,TIC-405910546-64-FFI-200s,,,,,,,,,,,,,,,,,,,,,,,,,,,,,,,,,,,
119,,,,,,,,,,,,TIC-404144841-11-SPOC-120,,,,,,,,,,,,,,,,,,,,,,,,,,TIC-404144841-37-SPOC-120,TIC-404144841-38-SPOC-120,,,,,,,,,,,,,,,,,,,,,,,,,,TIC-404144841-64-SPOC-120,,,,,,,,,,,,,,,,,,,,,,,,,,,,,,,,,,,
120,,,,,,,,,,,,TIC-312410638-11-FFI-30min,,,,,,,,,,,,,,,,,,,,,,,,,,,TIC-312410638-38-SPOC-120,,,,,,,,,,,,,,,,,,,,,,,,,,,TIC-312410638-65-FFI-200s,,,,,,,,,,,,,,,,,,,,,,,,,,,,,,,,,,
121,,,,,,,,,,,,TIC-167664935-11-FFI-30min,,,,,,,,,,,,,,,,,,,,,,,,,,,TIC-167664935-38-SPOC-120,,,,,,,,,,,,,,,,,,,,,,,,,,,TIC-167664935-65-FFI-200s,,,,,,,,,,,,,,,,,,,,,,,,,,,,,,,,,,
122,,,,,,,,,,,,TIC-89026133-11-FFI-30min,,,,,,,,,,,,,,,,,,,,,,,,,,,TIC-89026133-38-SPOC-120,,,,,,,,,,,,,,,,,,,,,,,,,,,TIC-89026133-65-FFI-200s,,,,,,,,,,,,,,,,,,,,,,,,,,,,,,,,,,
123,,,,,,,,,,,,TIC-272248916-11-SPOC-120,,,,,,,,,,,,,,,,,,,,,,,,,,,TIC-272248916-38-SPOC-120,,,,,,,,,,,,,,,,,,,,,,,,,,,TIC-272248916-65-FFI-200s,,,,,,,,,,,,,,,,,,,,,,,,,,,,,,,,,,
124,,,,,,,,,,,,,,,,,,,,,,,,,,,,,,,,,,,,,,,,,,,TIC-440725886-42-SPOC-120,TIC-440725886-43-SPOC-120,TIC-440725886-44-SPOC-120,,,,,,,,,,,,,,,,,,,,,,,,,,TIC-440725886-70-SPOC-120,TIC-440725886-71-SPOC-120,,,,,,,,,,,,,,,,,,,,,,,,,,,,
125,,TIC-234295610-1-SPOC-120,,,,,,,,,,,,,,,,,,,,,,,,,,,TIC-234295610-28-SPOC-120,,,,,,,,,,,,,,,,,,,,,,,,,,,,,,,,,,,,,,,,TIC-234295610-68-FFI-200s,,,,,,,,,,,,,,,,,,,,,,,,,,,TIC-234295610-95-SPOC-120,,,,
126,,,TIC-224283342-2-SPOC-120,,,,,,,,,,,,,,,,,,,,,,,,,,,TIC-224283342-29-SPOC-120,,,,,,,,,,,,,,,,,,,,,,,,,,,,,,,,,,,,,,,,TIC-224283342-69-SPOC-120,,,,,,,,,,,,,,,,,,,,,,,,,,,TIC-224283342-96-SPOC-120,,,
127,,TIC-289840926-1-SPOC-120,,,,,,,,,,,,,,,,,,,,,,,,,,,TIC-289840926-28-SPOC-120,,,,,,,,,,,,,,,,,,,,,,,,,,,,,,,,,,,,,,,,TIC-289840926-68-FFI-200s,,,,,,,,,,,,,,,,,,,,,,,,TIC-289840926-92-SPOC-120,,,TIC-289840926-95-SPOC-120,,,,
128,,,,,,,,,,,,,,,TIC-141146667-14-FFI-30min,TIC-141146667-15-FFI-30min,,,,,,TIC-141146667-21-FFI-30min,,,,,,,,,,,,,,,,,,,,TIC-141146667-41-SPOC-120,,,,,,,TIC-141146667-48-SPOC-120,,,,,,,,,,,,,,,,,,,,,,,,,,,TIC-141146667-75-SPOC-120,,,,,,,,,,,,,,,,,,,,,,,,
129,,,,,,,,,,,,,,,,,,,,,,,,,,,,,,,,,,,,,,,,,,,,,,,,,,,,,,,,,,,,,,,,,,,,,,,,,,,,,,,,,,,,,,,,,,,,TIC-12779416-91-FFI-200s,,,,,,,,
130,,,,,,,,,,,,,,,,,,,,,,,,,,,,,,,,,,,,,,,,,,,,,,,,,,,,,,,,,,,,,,,,,,,,,,,,,,,,,,,,,,,,,,,,,,,,TIC-68045555-91-SPOC-120,,,,,,,,
131,,,,,,,,,,,,,,,,,,,,,,,,,,,,,,,,,,,,,,,,,,,,,,,,,,,,,,,,,,,,,,,,,,,,,,,,,,,,,,,,,,,,,,,,,,,,TIC-68131578-91-SPOC-120,,,,,,,,
132,,,,,,,,,,,,,,,,,,,,,,,,,,,,,,,,,,,,,,,,,,,,,,,,,,,,,,,,,,,,,,,,,,,,,,,,,,,,,,,,,,,,,,,,,,,,TIC-49165224-91-SPOC-120,,,,,,,,
133,,,,,,,,,,,,,TIC-391993423-12-FFI-30min,,,,,,,,,,,,,,,,,,,,,,,,,,,TIC-391993423-39-FFI-10min,,,,,,,,,,,,,,,,,,,,,,,,,,,,,,,,,,,,,,,,,,,,,,,,,,,,TIC-391993423-91-SPOC-120,,,,,,,,
134,,,,,,,,,,,,,,,,,,,,,,,,,,,,,,,,,,,,,,,,,,,,,,,,,,,,,,,,,,,,,,,,,,,,,,,,,,,,,,,,,,,,,,,,,,,,TIC-203444707-91-SPOC-120,,,,,,,,
135,,,,,,,,,,,,,,,,,,,,,,,,,,,,,,,,,,,,,,,,,,,,,,,,,,,,,,,,,,,,,,,,,,,,,,,,,,,,,,,,,,,,,,,,,,,,TIC-175597010-91-SPOC-120,,,,,,,,
136,,,,,,,,,,,,,,,,,,,,,,,,,,,,,,,,,,,,,,,,,,,,,,,,,,,,,,,,,,,,,,,,,,,,,,,,,,,,,,,,,,,,,,,,,,,,TIC-175861088-91-SPOC-120,,,,,,,,
137,,,,,,,,,,,,,,,,,,,,,,,,,,,,,,,,,,,,,,,,,,,,,,,,,,,,,,,,,,,,,,,,,,,,,,,,,,,,,,,,,,,,,,,,,,,,TIC-49040989-91-FFI-200s,,,,,,,,
138,,,,,,,,,,,,,,,,,,,,,,,,,,,,,,,,,,,,,,,,,,,,,,,,,,,,,,,,,,,,,,,,,,,,,,,,,,,,,,,,,,,,,,,,,,,,TIC-49040871-91-FFI-200s,,,,,,,,
139,,,,,,,,,,,,,,,,,,,,,,,,,,,,,,,,,,,,,,,,,,,,,,,,,,,,,,,,,,,,,,,,,,,,,,,,,,,,,,,,,,,,,,,,,,,,TIC-49585759-91-SPOC-120,,,,,,,,
140,,,,,,,,,,,,,,,,,,,,,,,,,,,,,,,,,,,,,,,,,,,,,,,,,,,,,,,,,,,,,,,,,,,,,,,,,,,,,,,,,,,,,,,,,,,,TIC-413551134-91-SPOC-120,,,,,,,,
141,,,,,,,,,,,,,,,,,,,,,,,,,,,,,,,,,,,,,,,,,,,,,,,,,,,,,,,,,,,,,,,,,,,,,,,,,,,,,,,,,,,,,,,,,,,,TIC-220604303-91-SPOC-120,,,,,,,,
142,,,,,,,,,,,,,,,,,,,,,,,,,,,,,,,,,,,,,,,,,,,,,,,,,,,,,,,,,,,,,,,,,,,,,,,,,,,,,,,,,,,,,,,,,,,,TIC-280160269-91-FFI-200s,,,,,,,,
143,,,,,,,,,,,,,,,,,,,,,,,,,,,,,,,,,,,,,,,,,,,,,,,,,,,,,,,,,,,,,,,,,,,,,,,,,,,,,,,,,,,,,,,,,,,,TIC-12776845-91-SPOC-120,,,,,,,,
144,,,,,,,,,,,,,,,,,,,,,,,,,,,,,,,,,,,,,,,,,,,,,,,,,,,,,,,,,,,,,,,,,,,,,,,,,,,,,,,,,,,,,,,,,,,,TIC-49035618-91-FFI-200s,,,,,,,,
145,,,,,,,,,,,,,,,,,,,,,,,,,,,,,,,,,,,,,,,,,,,,,,,,,,,,,,,,,,,,,,,,,,,,,,,,,,,,,,,,,,,,,,,,,,,,TIC-68167990-91-FFI-200s,,,,,,,,
146,,,,,,,,,,,,,,,,,,,,,,,,,,,,,,,,,,,,,,,,,,,,,,,,,,,,,,,,,,,,,,,,,,,,,,,,,,,,,,,,,,,,,,,,,,,,TIC-49691316-91-SPOC-120,,,,,,,,
147,,,,,,,,,,,,,,,,,,,,,,,,,,,,,,,,,,,,,,,,,,,,,,,,,,,,,,,,,,,,,,,,,,,,,,,,,,,,,,,,,,,,,,,,,,,,TIC-202876323-91-SPOC-120,,,,,,,,
148,,,,,,,,,,,,,,,,,,,,,,,,,,,,,,,,,,,,,,,,,,,,,,,,,,,,,,,,,,,,,,,,,,,,,,,,,,,,,,,,,,,,,,,,,,,,TIC-175744495-91-FFI-200s,,,,,,,,
149,,,,,,,,,,,,,TIC-205106701-12-FFI-30min,,,,,,,,,,,,,,,,,,,,,,,,,,,TIC-205106701-39-FFI-10min,,,,,,,,,,,,,,,,,,,,,,,,,,,,,,,,,,,,,,,,,,,,,,,,,,,,TIC-205106701-91-FFI-200s,,,,,,,,
150,,,,,,,,,,,,,,,,,,,,,,,,,,,,,,,,,,,,,,,,,,,,,,,,,,,,,,,,,,,,,,,,,,,,,,,,,,,,,,,,,,,,,,,,,,,,TIC-73217080-91-SPOC-120,,,,,,,,
151,,TIC-289840928-1-SPOC-120,,,,,,,,,,,,,,,,,,,,,,,,,,,TIC-289840928-28-SPOC-120,,,,,,,,,,,,,,,,,,,,,,,,,,,,,,,,,,,,,,,,TIC-289840928-68-SPOC-120,,,,,,,,,,,,,,,,,,,,,,,,TIC-289840928-92-SPOC-120,,,TIC-289840928-95-SPOC-120,,,,
152,,,,,,,,,,,TIC-92574021-10-FFI-30min,,,,,,,,,,,,,,,,,,,,,,,,,,,TIC-92574021-37-FFI-10min,,,,,,,,,,,,,,,,,,,,,,,,,,TIC-92574021-63-FFI-200s,TIC-92574021-64-FFI-200s,,,,,,,,,,,,,,,,,,,,,,,,,,TIC-92574021-90-FFI-200s,,,,,,,,,
153,,,,,,,,,,,TIC-452345586-10-FFI-30min,TIC-452345586-11-FFI-30min,,,,,,,,,,,,,,,,,,,,,,,,,,TIC-452345586-37-FFI-10min,,,,,,,,,,,,,,,,,,,,,,,,,,,TIC-452345586-64-FFI-200s,,,,,,,,,,,,,,,,,,,,,,,,,,,,,,,,,,,
154,,,,,,,,,,,,TIC-379774242-11-FFI-30min,,,,,,,,,,,,,,,,,,,,,,,,,,TIC-379774242-37-FFI-10min,TIC-379774242-38-FFI-10min,,,,,,,,,,,,,,,,,,,,,,,,,,TIC-379774242-64-FFI-200s,TIC-379774242-65-FFI-200s,,,,,,,,,,,,,,,,,,,,,,,,,,,,,,,,,,
155,,,,,,,,,,,,TIC-310412874-11-FFI-30min,,,,,,,,,,,,,,,,,,,,,,,,,,TIC-310412874-37-FFI-10min,TIC-310412874-38-FFI-10min,,,,,,,,,,,,,,,,,,,,,,,,,,TIC-310412874-64-FFI-200s,TIC-310412874-65-FFI-200s,,,,,,,,,,,,,,,,,,,,,,,,,,,,,,,,,,
156,,,,,,,,,,,,TIC-311447879-11-FFI-30min,,,,,,,,,,,,,,,,,,,,,,,,,,TIC-311447879-37-FFI-10min,TIC-311447879-38-FFI-10min,,,,,,,,,,,,,,,,,,,,,,,,,,,,,,,,,,,,,,,,,,,,,,,,,,,,,,,,,,,,,
157,,,,,,,,,,,,TIC-311333943-11-FFI-30min,,,,,,,,,,,,,,,,,,,,,,,,,,TIC-311333943-37-FFI-10min,,,,,,,,,,,,,,,,,,,,,,,,,,,TIC-311333943-64-FFI-200s,TIC-311333943-65-FFI-200s,,,,,,,,,,,,,,,,,,,,,,,,,,,,,,,,,,
158,,,,,,,,,,,,TIC-450386147-11-FFI-30min,,,,,,,,,,,,,,,,,,,,,,,,,,TIC-450386147-37-FFI-10min,TIC-450386147-38-FFI-10min,,,,,,,,,,,,,,,,,,,,,,,,,,TIC-450386147-64-FFI-200s,TIC-450386147-65-FFI-200s,,,,,,,,,,,,,,,,,,,,,,,,,,,,,,,,,,
159,,,,,,,,,,,TIC-272407484-10-SPOC-120,TIC-272407484-11-SPOC-120,,,,,,,,,,,,,,,,,,,,,,,,,,TIC-272407484-37-FFI-10min,TIC-272407484-38-FFI-10min,,,,,,,,,,,,,,,,,,,,,,,,,,TIC-272407484-64-FFI-200s,,,,,,,,,,,,,,,,,,,,,,,,,,,,,,,,,,,
160,,,,,,,,,,,,TIC-412182239-11-FFI-30min,,,,,,,,,,,,,,,,,,,,,,,,,,TIC-412182239-37-FFI-10min,TIC-412182239-38-FFI-10min,,,,,,,,,,,,,,,,,,,,,,,,,,TIC-412182239-64-FFI-200s,TIC-412182239-65-FFI-200s,,,,,,,,,,,,,,,,,,,,,,,,,,,,,,,,,,
161,,,,,,,,,,,TIC-165912675-10-FFI-30min,TIC-165912675-11-FFI-30min,,,,,,,,,,,,,,,,,,,,,,,,,,TIC-165912675-37-FFI-10min,,,,,,,,,,,,,,,,,,,,,,,,,,,TIC-165912675-64-FFI-200s,,,,,,,,,,,,,,,,,,,,,,,,,,,,,,,,,,,
162,,,,,,,,,,,,TIC-412376751-11-FFI-30min,,,,,,,,,,,,,,,,,,,,,,,,,,TIC-412376751-37-FFI-10min,TIC-412376751-38-FFI-10min,,,,,,,,,,,,,,,,,,,,,,,,,,TIC-412376751-64-FFI-200s,TIC-412376751-65-FFI-200s,,,,,,,,,,,,,,,,,,,,,,,,,,,,,,,,,,
163,,,,,,,,,,,,TIC-412376096-11-FFI-30min,,,,,,,,,,,,,,,,,,,,,,,,,,TIC-412376096-37-FFI-10min,TIC-412376096-38-FFI-10min,,,,,,,,,,,,,,,,,,,,,,,,,,TIC-412376096-64-FFI-200s,TIC-412376096-65-FFI-200s,,,,,,,,,,,,,,,,,,,,,,,,,,,,,,,,,,
164,,,,,,,,,,,,TIC-258583707-11-FFI-30min,,,,,,,,,,,,,,,,,,,,,,,,,,TIC-258583707-37-FFI-10min,,,,,,,,,,,,,,,,,,,,,,,,,,,TIC-258583707-64-FFI-200s,,,,,,,,,,,,,,,,,,,,,,,,,,,,,,,,,,,
165,,,,,,,,,,,,TIC-438709950-11-FFI-30min,,,,,,,,,,,,,,,,,,,,,,,,,,TIC-438709950-37-FFI-10min,TIC-438709950-38-FFI-10min,,,,,,,,,,,,,,,,,,,,,,,,,,TIC-438709950-64-FFI-200s,,,,,,,,,,,,,,,,,,,,,,,,,,,,,,,,,,,
166,,,,,,,,,,,,TIC-241375625-11-FFI-30min,,,,,,,,,,,,,,,,,,,,,,,,,,,TIC-241375625-38-FFI-10min,,,,,,,,,,,,,,,,,,,,,,,,,,TIC-241375625-64-FFI-200s,TIC-241375625-65-FFI-200s,,,,,,,,,,,,,,,,,,,,,,,,,,,,,,,,,,
167,,,,,,,,,,,,TIC-179368022-11-FFI-30min,,,,,,,,,,,,,,,,,,,,,,,,,,,TIC-179368022-38-FFI-10min,,,,,,,,,,,,,,,,,,,,,,,,,,TIC-179368022-64-FFI-200s,,,,,,,,,,,,,,,,,,,,,,,,,,,,,,,,,,,
168,,,,,,,,,,,,TIC-241841997-11-FFI-30min,,,,,,,,,,,,,,,,,,,,,,,,,,,TIC-241841997-38-FFI-10min,,,,,,,,,,,,,,,,,,,,,,,,,,,TIC-241841997-65-FFI-200s,,,,,,,,,,,,,,,,,,,,,,,,,,,,,,,,,,
169,,,,,,,,,,,,TIC-334325329-11-FFI-30min,,,,,,,,,,,,,,,,,,,,,,,,,,,TIC-334325329-38-FFI-10min,,,,,,,,,,,,,,,,,,,,,,,,,,,TIC-334325329-65-SPOC-120,,,,,,,,,,,,,,,,,,,,,,,,,,,,,,,,,,
170,,,,,,,,,,,,TIC-334838280-11-FFI-30min,,,,,,,,,,,,,,,,,,,,,,,,,,,TIC-334838280-38-FFI-10min,,,,,,,,,,,,,,,,,,,,,,,,,,,TIC-334838280-65-FFI-200s,,,,,,,,,,,,,,,,,,,,,,,,,,,,,,,,,,
171,,,,,,,,,,,,TIC-366178112-11-FFI-30min,,,,,,,,,,,,,,,,,,,,,,,,,,,TIC-366178112-38-FFI-10min,,,,,,,,,,,,,,,,,,,,,,,,,,,TIC-366178112-65-SPOC-120,,,,,,,,,,,,,,,,,,,,,,,,,,,,,,,,,,
172,,,,,,,,,,,,TIC-160539036-11-FFI-30min,,,,,,,,,,,,,,,,,,,,,,,,,,,TIC-160539036-38-FFI-10min,,,,,,,,,,,,,,,,,,,,,,,,,,,TIC-160539036-65-FFI-200s,,,,,,,,,,,,,,,,,,,,,,,,,,,,,,,,,,
173,,,,,,,,,,,,TIC-140765939-11-FFI-30min,,,,,,,,,,,,,,,,,,,,,,,,,,,TIC-140765939-38-FFI-10min,,,,,,,,,,,,,,,,,,,,,,,,,,,TIC-140765939-65-FFI-200s,,,,,,,,,,,,,,,,,,,,,,,,,,,,,,,,,,
174,,,,,,,,,,,,TIC-76698847-11-FFI-30min,,,,,,,,,,,,,,,,,,,,,,,,,,,TIC-76698847-38-FFI-10min,,,,,,,,,,,,,,,,,,,,,,,,,,,TIC-76698847-65-FFI-200s,,,,,,,,,,,,,,,,,,,,,,,,,,,,,,,,,,
175,,,,,,,,,,,,,TIC-173267960-12-FFI-30min,,,,,,,,,,,,,,,,,,,,,,,,,,TIC-173267960-38-FFI-10min,,,,,,,,,,,,,,,,,,,,,,,,,,,TIC-173267960-65-FFI-200s,,,,,,,,,,,,,,,,,,,,,,,,,,,,,,,,,,
176,,,,,,,,,,,,,TIC-179357494-12-FFI-30min,,,,,,,,,,,,,,,,,,,,,,,,,,TIC-179357494-38-FFI-10min,,,,,,,,,,,,,,,,,,,,,,,,,,,TIC-179357494-65-FFI-200s,,,,,,,,,,,,,,,,,,,,,,,,,,,,,,,,,,
177,,,,,,,,,,,,,TIC-442575691-12-FFI-30min,,,,,,,,,,,,,,,,,,,,,,,,,,TIC-442575691-38-FFI-10min,,,,,,,,,,,,,,,,,,,,,,,,,,,TIC-442575691-65-FFI-200s,,,,,,,,,,,,,,,,,,,,,,,,,,TIC-442575691-91-FFI-200s,,,,,,,,
178,,,,,,,,,,,,,TIC-84187344-12-FFI-30min,,,,,,,,,,,,,,,,,,,,,,,,,,,TIC-84187344-39-FFI-10min,,,,,,,,,,,,,,,,,,,,,,,,,,,TIC-84187344-66-FFI-200s,,,,,,,,,,,,,,,,,,,,,,,,,,,TIC-84187344-93-FFI-200s,,,,,,
179,,,,,,,,,,,,,TIC-85125492-12-FFI-30min,,,,,,,,,,,,,,,,,,,,,,,,,,,TIC-85125492-39-FFI-10min,,,,,,,,,,,,,,,,,,,,,,,,,,,TIC-85125492-66-FFI-200s,,,,,,,,,,,,,,,,,,,,,,,,,,,TIC-85125492-93-SPOC-120,,,,,,
180,,,,,,,,,,,,,TIC-85356121-12-FFI-30min,,,,,,,,,,,,,,,,,,,,,,,,,,,TIC-85356121-39-FFI-10min,,,,,,,,,,,,,,,,,,,,,,,,,,,TIC-85356121-66-FFI-200s,,,,,,,,,,,,,,,,,,,,,,,,,,,TIC-85356121-93-FFI-200s,,,,,,
181,,,,,,,,,,,,,TIC-97239026-12-FFI-30min,,,,,,,,,,,,,,,,,,,,,,,,,,,TIC-97239026-39-FFI-10min,,,,,,,,,,,,,,,,,,,,,,,,,,,TIC-97239026-66-FFI-200s,,,,,,,,,,,,,,,,,,,,,,,,,TIC-97239026-91-SPOC-120,,TIC-97239026-93-SPOC-120,,,,,,
182,,,,,,,,,,,,,TIC-337243787-12-FFI-30min,,,,,,,,,,,,,,,,,,,,,,,,,,,TIC-337243787-39-FFI-10min,,,,,,,,,,,,,,,,,,,,,,,,,,,TIC-337243787-66-FFI-200s,,,,,,,,,,,,,,,,,,,,,,,,,,,TIC-337243787-93-SPOC-120,,,,,,
183,,,,TIC-65347864-3-SPOC-120,TIC-65347864-4-SPOC-120,,,,,,,,,,,,,,,,,,,,,,,,,,TIC-65347864-30-FFI-10min,TIC-65347864-31-FFI-10min,,,,,,,,,,,,,,,,,,,,,,,,,,,,,,,,,,,,,,,,,,,,,,,,,,,,,,,,,,,,,,,,,,TIC-65347864-97-FFI-200s,,
184,,,,,,,TIC-160329609-6-SPOC-120,,,,,,,,,,,,,,,,,,,,,,,,,,TIC-160329609-32-SPOC-120,TIC-160329609-33-SPOC-120,,,,,,,,,,,,,,,,,,,,,,,,,,,,,,,,,,,,,,,,,,,,,,,,,,,,,,TIC-160329609-87-SPOC-120,,,,,,,,,,,,
185,,,,,,,,,,,,TIC-148646689-11-SPOC-120,,,,,,,,,,,,,,,,,,,,,,,,,,,TIC-148646689-38-SPOC-120,,,,,,,,,,,,,,,,,,,,,,,,,,,TIC-148646689-65-FFI-200s,,,,,,,,,,,,,,,,,,,,,,,,,,,,,,,,,,
186,,,,,,TIC-245834739-5-FFI-30min,,,,,,,,,,,,,,,,,,,,,,,,,,,TIC-245834739-32-FFI-10min,,,,,,,,,,,TIC-245834739-43-SPOC-120,TIC-245834739-44-SPOC-120,,,,,,,,,,,,,,,,,,,,,,,,,,TIC-245834739-70-SPOC-120,TIC-245834739-71-SPOC-120,,,,,,,,,,,,,,,,,,,,,,,,,,,,
187,,,,,,,,,,,,,,,,,,,,,,,,,,,,,,,,,,,,,,,,,,,,TIC-125843782-43-SPOC-120,TIC-125843782-44-SPOC-120,,,,,,,,,,,,,,,,,,,,,,,,,,TIC-125843782-70-SPOC-120,TIC-125843782-71-SPOC-120,,,,,,,,,,,,,,,,,,,,,,,,,,,,
188,,,,TIC-244161191-3-SPOC-120,,,,,,,,,,,,,,,,,,,,,,,,,,,TIC-244161191-30-SPOC-120,,,,,,,,,,,,TIC-244161191-42-FFI-10min,,,,,,,,,,,,,,,,,,,,,,,,,,,,TIC-244161191-70-SPOC-120,,,,,,,,,,,,,,,,,,,,,,,,,,,,,
189,,,TIC-231058925-2-SPOC-120,TIC-231058925-3-SPOC-120,,,,,,,,,,,,,,,,,,,,,,,,,,TIC-231058925-29-SPOC-120,TIC-231058925-30-SPOC-120,,,,,,,,,,,,,,,,,,,,,,,,,,,,,,,,,,,,,,,TIC-231058925-69-SPOC-120,,,,,,,,,,,,,,,,,,,,,,,,,,,TIC-231058925-96-SPOC-120,,,
190,,,,,,,,,,,,,,,,,,,,,,,,,,,,,,,,,,,,,,,,,,,,,,,TIC-301676454-46-SPOC-120,,,,,,,,,,,,,,,,,,,,,,,,,,TIC-301676454-72-FFI-200s,,,,,,,,,,,,,,,,,,,,,,,,,,,
191,,,,,,,,,,,,,,,TIC-58084670-14-FFI-30min,,,,,,,,,,,,,,,,,,,,,,,,,,,TIC-58084670-41-SPOC-120,,,,,,,,,,,,,TIC-58084670-54-SPOC-120,TIC-58084670-55-SPOC-120,,,,,,,,,,,,,,,,,,,TIC-58084670-74-SPOC-120,TIC-58084670-75-SPOC-120,,,,,,TIC-58084670-81-SPOC-120,,,,,,,,,,,,,,,,,,
192,,,,,,TIC-67745212-5-FFI-30min,,,,,,,,,,,,,,,,,,,,,,,,,,,TIC-67745212-32-SPOC-120,,,,,,,,,,,,,,,,,,,,,,,,,,,,,,,,,,,,,,,,,,,,,,,,,,,,,,,,,,,,,,,,,,,
193,,,,,,,,,,,TIC-5714469-10-SPOC-120,,,,,,,,,,,,,,,,,,,,,,,,,,TIC-5714469-36-FFI-10min,,,,,,,,,,,,,,,,,,,,,,,,,,,TIC-5714469-63-FFI-200s,,,,,,,,,,,,,,,,,,,,,,,,,,,TIC-5714469-90-SPOC-120,,,,,,,,,
194,,,,TIC-259586708-3-SPOC-120,TIC-259586708-4-SPOC-120,TIC-259586708-5-SPOC-120,TIC-259586708-6-SPOC-120,,,,,,,,,,,,,,,,,,,,,,,,TIC-259586708-30-SPOC-120,TIC-259586708-31-SPOC-120,TIC-259586708-32-SPOC-120,,,,,,,,,,,,,,,,,,,,,,,,,,,,,,,,,,,,,,,,,,,,,,,,,,,,,,,,,,,,,,,,,TIC-259586708-97-FFI-200s,,
195,,,,,,TIC-245902096-5-FFI-30min,,,,,,,,,,,,,,,,,,,,,,,,,,,TIC-245902096-32-FFI-10min,,,,,,,,,,,TIC-245902096-43-SPOC-120,TIC-245902096-44-SPOC-120,,,,,,,,,,,,,,,,,,,,,,,,,,TIC-245902096-70-FFI-200s,TIC-245902096-71-FFI-200s,,,,,,,,,,,,,,,,,,,,,,,,,,,,
196,,,,,,,,,,,,,,,,,,,,,,,,,,,,,,,,,,,,,,,,,,,,TIC-245874053-43-SPOC-120,TIC-245874053-44-SPOC-120,,,,,,,,,,,,,,,,,,,,,,,,,,TIC-245874053-70-SPOC-120,TIC-245874053-71-SPOC-120,,,,,,,,,,,,,,,,,,,,,,,,,,,,
197,,,,,,,,,,,,,,,,,,,,,,,,,,,,,,,,,,,,,,,,,,,,TIC-245868207-43-SPOC-120,TIC-245868207-44-SPOC-120,,,,,,,,,,,,,,,,,,,,,,,,,,TIC-245868207-70-SPOC-120,TIC-245868207-71-SPOC-120,,,,,,,,,,,,,,,,,,,,,,,,,,,,
198,,,,,,,,,,,,,,,,,,,,,,,,,,,,,,,,,,,,,,,,,,,,TIC-268324578-43-SPOC-120,TIC-268324578-44-SPOC-120,,,,,,,,,,,,,,,,,,,,,,,,,,TIC-268324578-70-FFI-200s,TIC-268324578-71-FFI-200s,,,,,,,,,,,,,,,,,,,,,,,,,,,,
