pop_id,TIC,gaiadr3_source_id,epic_id,per,per2,group,age_Myr,disco_paper,author,year,Sector 1,Sector 2,Sector 3,Sector 4,Sector 5,Sector 6,Sector 7,Sector 8,Sector 9,Sector 10,Sector 11,Sector 12,Sector 13,Sector 14,Sector 15,Sector 16,Sector 17,Sector 18,Sector 19,Sector 20,Sector 21,Sector 22,Sector 23,Sector 24,Sector 25,Sector 26,Sector 27,Sector 28,Sector 29,Sector 30,Sector 31,Sector 32,Sector 33,Sector 34,Sector 35,Sector 36,Sector 37,Sector 38,Sector 39,Sector 40,Sector 41,Sector 42,Sector 43,Sector 44,Sector 45,Sector 46,Sector 47,Sector 48,Sector 49,Sector 50,Sector 51,Sector 52,Sector 53,Sector 54,Sector 55,Sector 56,Sector 57,Sector 58,Sector 59,Sector 60,Sector 61,Sector 62,Sector 63,Sector 64,Sector 65,Sector 66,Sector 67,Sector 68,Sector 69,Sector 70,Sector 71,Sector 72,Sector 73,Sector 74,Sector 75,Sector 76,Sector 77,Sector 78,Sector 79,Sector 80,Sector 81,Sector 82,Sector 83,Sector 84,Sector 85,Sector 86,Sector 87,Sector 88,Sector 89,Sector 90,Sector 91,Sector 92,Sector 93,Sector 94,Sector 95,Sector 96,Sector 97,Sector 98,Sector 99,Campaign 1,Campaign 2,Campaign 3,Campaign 4,Campaign 5,Campaign 6,Campaign 7,Campaign 8,Campaign 9,Campaign 10,Campaign 11,Campaign 12,Campaign 13,Campaign 14,Campaign 15
0,59129133,3392549449695395968,246676629,0.6253,0.6332,Taurus,2,Stauffer_2018,Stauffer,2018,,,,,TIC-59129133-5-FFI-30min,,,,,,,,,,,,,,,,,,,,,,,,,,,TIC-59129133-32-FFI-10min,,,,,,,,,,,TIC-59129133-43-SPOC-120,TIC-59129133-44-SPOC-120,,,,,,,,,,,,,,,,,,,,,,,,,,,TIC-59129133-71-FFI-200s,,,,,,,,,,,,,,,,,,,,,,,,,,,,,,,,,,,,,,,,,EPIC-246676629-13-EVEREST-1800,,
1,59091144,3392553852037339776,246682490,0.4377,3.6324,Taurus,2,Stauffer_2018,Stauffer,2018,,,,,TIC-59091144-5-FFI-30min,,,,,,,,,,,,,,,,,,,,,,,,,,,TIC-59091144-32-FFI-10min,,,,,,,,,,,TIC-59091144-43-SPOC-120,TIC-59091144-44-SPOC-120,,,,,,,,,,,,,,,,,,,,,,,,,,,TIC-59091144-71-FFI-200s,,,,,,,,,,,,,,,,,,,,,,,,,,,,,,,,,,,,,,,,,EPIC-246682490-13-EVEREST-1800,,
2,118769116,3411342134934571520,247343526,0.3568,,Taurus,2,Stauffer_2018,Stauffer,2018,,,,,,,,,,,,,,,,,,,,,,,,,,,,,,,,,,,,,,,,,,,TIC-118769116-43-SPOC-120,TIC-118769116-44-SPOC-120,,,,,,,,,,,,,,,,,,,,,,,,,,TIC-118769116-70-FFI-200s,TIC-118769116-71-FFI-200s,,,,,,,,,,,,,,,,,,,,,,,,,,,,,,,,,,,,,,,,,EPIC-247343526-13-EVEREST-1800,,
3,175594111,6045818685674325760,203354381,0.5993,,Upper Scorpius,10,Stauffer_2018,Stauffer,2018,,,,,,,,,,,,,,,,,,,,,,,,,,,,,,,,,,,,,,,,,,,,,,,,,,,,,,,,,,,,,,,,,,,,,,,,,,,,,,,,,,,,,,,,,,,TIC-175594111-91-SPOC-120,,,,,,,,,,EPIC-203354381-2-EVEREST-1800,,,,,,,,,,,,,
4,322928171,6048612514663537280,203636498,0.7794,,Upper Scorpius,10,Stauffer_2018,Stauffer,2018,,,,,,,,,,,,,,,,,,,,,,,,,,,,,,,,,,,,,,,,,,,,,,,,,,,,,,,,,,,,,,,,,,,,,,,,,,,,,,,,,,,,,,,,,,,TIC-322928171-91-SPOC-120,,,,,,,,,,EPIC-203636498-2-EVEREST-1800,,,,,,,,,,,,,
5,175743566,6049078741946841856,203821589,0.6677,0.9105,Rho Ophiuchi,1,Stauffer_2018,Stauffer,2018,,,,,,,,,,,,,,,,,,,,,,,,,,,,,,,,,,,,,,,,,,,,,,,,,,,,,,,,,,,,,,,,,,,,,,,,,,,,,,,,,,,,,,,,,,,TIC-175743566-91-SPOC-120,,,,,,,,,,EPIC-203821589-2-EVEREST-1800,,,,,,,,,,,,,
6,98689067,6049136569386567296,203897692,0.6043,0.5011,Rho Ophiuchi,1,Stauffer_2018,Stauffer,2018,,,,,,,,,,,,,,,,,,,,,,,,,,,,,,,,,,,,,,,,,,,,,,,,,,,,,,,,,,,,,,,,,,,,,,,,,,,,,,,,,,,,,,,,,,,TIC-98689067-91-SPOC-120,,,,,,,,,,EPIC-203897692-2-EVEREST-1800,,,,,,,,,,,,,
7,49072162,6049979104536677632,204060981,0.3996,0.3802,Upper Scorpius,10,Stauffer_2018,Stauffer,2018,,,,,,,,,,,,,,,,,,,,,,,,,,,,,,,,,,,,,,,,,,,,,,,,,,,,,,,,,,,,,,,,,,,,,,,,,,,,,,,,,,,,,,,,,,,TIC-49072162-91-SPOC-120,,,,,,,,,,EPIC-204060981-2-EVEREST-1800,,,,,,,,,,,,,
8,203822419,6050952515921144192,204185983,1.0529,,Rho Ophiuchi,1,Stauffer_2018,Stauffer,2018,,,,,,,,,,,,,,,,,,,,,,,,,,,,,,,,,,,,,,,,,,,,,,,,,,,,,,,,,,,,,,,,,,,,,,,,,,,,,,,,,,,,,,,,,,,TIC-203822419-91-SPOC-120,,,,,,,,,,EPIC-204185983-2-EVEREST-1800,,,,,,,,,,,,,
9,48908525,6242105876588253056,204099739,0.7428,0.7158,Upper Scorpius,10,Stauffer_2018,Stauffer,2018,,,,,,,,,,,,,,,,,,,,,,,,,,,,,,,,,,,,,,,,,,,,,,,,,,,,,,,,,,,,,,,,,,,,,,,,,,,,,,,,,,,,,,,,,,,TIC-48908525-91-FFI-200s,,,,,,,,,,EPIC-204099739-2-EVEREST-1800,,,,,,,,,,,,,
10,49815071,6246044017998844160,205267399,0.3344,0.3311,Upper Scorpius,10,Stauffer_2018,Stauffer,2018,,,,,,,,,,,,,,,,,,,,,,,,,,,,,,,,,,,,,,,,,,,,,,,,,,,,,,,,,,,,,,,,,,,,,,,,,,,,,,,,,,,,,,,,,,,TIC-49815071-91-SPOC-120,,,,,,,,,,EPIC-205267399-2-EVEREST-1800,,,,,,,,,,,,,
11,204792541,6044751575283331840,203050730,0.4865,0.774,Upper Scorpius,10,Stauffer_2017,Stauffer,2017,,,,,,,,,,,,,,,,,,,,,,,,,,,,,,,,,,,,,,,,,,,,,,,,,,,,,,,,,,,,,,,,,,,,,,,,,,,,,,,,,,,,,,,,,,,TIC-204792541-91-SPOC-120,,,,,,,,,,EPIC-203050730-2-EVEREST-1800,,,,,,,,,,,,,
12,205060766,6044838303564444544,203185083,0.44,,Upper Scorpius,10,Stauffer_2017,Stauffer,2017,,,,,,,,,,,,,,,,,,,,,,,,,,,,,,,,,,,,,,,,,,,,,,,,,,,,,,,,,,,,,,,,,,,,,,,,,,,,,,,,,,,,,,,,,,,TIC-205060766-91-SPOC-120,,,,,,,,,,EPIC-203185083-2-EVEREST-1800,,,,,,,,,,,,,
13,68502886,6048717277503393792,203534383,0.2784,0.3234,Upper Scorpius,10,Stauffer_2017,Stauffer,2017,,,,,,,,,,,,,,,,,,,,,,,,,,,,,,,,,,,,,,,,,,,,,,,,,,,,,,,,,,,,,,,,,,,,,,,,,,,,,,,,,,,,,,,,,,,TIC-68502886-91-SPOC-120,,,,,,,,,,EPIC-203534383-2-EVEREST-1800,,,,,,,,,,,,,
14,66750314,6235428336315960576,203462615,0.5201,0.4421,Upper Scorpius,10,Stauffer_2017,Stauffer,2017,,,,,,,,,,,,,,,,,,,,,,,,,,,,,,,,,,,,,,,,,,,,,,,,,,,,,,,,,,,,,,,,,,,,,,,,,,,,,,,,,,,,,,,,,,,TIC-66750314-91-SPOC-120,,,,,,,,,,EPIC-203462615-2-EVEREST-1800,,,,,,,,,,,,,
15,12659333,6237069013821425408,204066898,0.3956,0.5386,Upper Scorpius,10,Stauffer_2017,Stauffer,2017,,,,,,,,,,,,,,,,,,,,,,,,,,,,,,,,,,,,,,,,,,,,,,,,,,,,,,,,,,,,,,,,,,,,,,,,,,,,,,,,,,,,,,,,,,,TIC-12659333-91-SPOC-120,,,,,,,,,,EPIC-204066898-2-EVEREST-1800,,,,,,,,,,,,,EPIC-204066898-15-EVEREST-1800
16,49072492,6242145626506129664,204117263,0.6423,,Upper Scorpius,10,Stauffer_2017,Stauffer,2017,,,,,,,,,,,,,,,,,,,,,,,,,,,,,,,,,,,,,,,,,,,,,,,,,,,,,,,,,,,,,,,,,,,,,,,,,,,,,,,,,,,,,,,,,,,TIC-49072492-91-SPOC-120,,,,,,,,,,EPIC-204117263-2-EVEREST-1800,,,,,,,,,,,,,
17,49198167,6242649340270424704,204367193,0.4835,,Upper Scorpius,10,Stauffer_2017,Stauffer,2017,,,,,,,,,,,,,,,,,,,,,,,,,,,,,,,,,,,,,,,,,,,,,,,,,,,,,,,,,,,,,,,,,,,,,,,,,,,,,,,,,,,,,,,,,,,TIC-49198167-91-SPOC-120,,,,,,,,,,EPIC-204367193-2-EVEREST-1800,,,,,,,,,,,,,
18,49518818,6245595108015533824,205110559,0.4031,,Upper Scorpius,10,Stauffer_2017,Stauffer,2017,,,,,,,,,,,,,,,,,,,,,,,,,,,,,,,,,,,,,,,,,,,,,,,,,,,,,,,,,,,,,,,,,,,,,,,,,,,,,,,,,,,,,,,,,,,TIC-49518818-91-SPOC-120,,,,,,,,,,EPIC-205110559-2-EVEREST-1800,,,,,,,,,,,,,
19,220765024,6246944689821248128,204918279,0.4665,0.4594,Upper Scorpius,10,Stauffer_2017,Stauffer,2017,,,,,,,,,,,,,,,,,,,,,,,,,,,,,,,,,,,,,,,,,,,,,,,,,,,,,,,,,,,,,,,,,,,,,,,,,,,,,,,,,,,,,,,,,,,,,,,,,,,,,EPIC-204918279-2-EVEREST-1800,,,,,,,,,,,,,
20,9669706,6247083125210430080,204897050,0.2639,,Upper Scorpius,10,Stauffer_2017,Stauffer,2017,,,,,,,,,,,,,,,,,,,,,,,,,,,,,,,,,,,,,,,,,,,,,,,,,,,,,,,,,,,,,,,,,,,,,,,,,,,,,,,,,,,,,,,,,,,TIC-9669706-91-SPOC-120,,,,,,,,,,EPIC-204897050-2-EVEREST-1800,,,,,,,,,,,,,
21,280945693,5234117008292638464,,0.6363,,Lower Centaurus-Crux,16,Stauffer_2021,Stauffer,2021,,,,,,,,,,TIC-280945693-10-FFI-30min,TIC-280945693-11-SPOC-120,,,,,,,,,,,,,,,,,,,,,,,,,,TIC-280945693-37-SPOC-120,TIC-280945693-38-SPOC-120,,,,,,,,,,,,,,,,,,,,,,,,,,TIC-280945693-64-SPOC-120,TIC-280945693-65-SPOC-120,,,,,,,,,,,,,,,,,,,,,,,,,,,,,,,,,,,,,,,,,,,,,,,,,
22,296790810,5236296171620605824,,0.3713,,UCL/LCC,16,Stauffer_2021,Stauffer,2021,,,,,,,,,,TIC-296790810-10-FFI-30min,TIC-296790810-11-FFI-30min,,,,,,,,,,,,,,,,,,,,,,,,,,TIC-296790810-37-FFI-10min,TIC-296790810-38-FFI-10min,,,,,,,,,,,,,,,,,,,,,,,,,,TIC-296790810-64-SPOC-120,TIC-296790810-65-SPOC-120,,,,,,,,,,,,,,,,,,,,,,,,,,,,,,,,,,,,,,,,,,,,,,,,,
23,290889135,5237270068366411392,,0.4835,0.3072,UCL/LCC,16,Rebull_2022,Rebull,2022,,,,,,,,,,TIC-290889135-10-FFI-30min,TIC-290889135-11-FFI-30min,,,,,,,,,,,,,,,,,,,,,,,,,,TIC-290889135-37-FFI-10min,TIC-290889135-38-FFI-10min,,,,,,,,,,,,,,,,,,,,,,,,,,TIC-290889135-64-FFI-200s,TIC-290889135-65-FFI-200s,,,,,,,,,,,,,,,,,,,,,,,,,,,,,,,,,,,,,,,,,,,,,,,,,
24,301432612,5341919587915807616,,0.5044,,UCL/LCC,16,Stauffer_2021,Stauffer,2021,,,,,,,,,,TIC-301432612-10-FFI-30min,TIC-301432612-11-FFI-30min,,,,,,,,,,,,,,,,,,,,,,,,,,TIC-301432612-37-FFI-10min,,,,,,,,,,,,,,,,,,,,,,,,,,,TIC-301432612-64-FFI-200s,,,,,,,,,,,,,,,,,,,,,,,,,,,,,,,,,,,,,,,,,,,,,,,,,,
25,93763678,5345273648130813696,,0.9156,,UCL/LCC,16,Rebull_2022,Rebull,2022,,,,,,,,,,TIC-93763678-10-FFI-30min,,,,,,,,,,,,,,,,,,,,,,,,,,,,,,,,,,,,,,,,,,,,,,,,,,,,,,TIC-93763678-64-FFI-200s,,,,,,,,,,,,,,,,,,,,,,,,,,TIC-93763678-90-FFI-200s,,,,,,,,,,,,,,,,,,,,,,,,
26,448002486,5856059166484152320,,0.3593,,UCL/LCC,16,Stauffer_2021,Stauffer,2021,,,,,,,,,,,TIC-448002486-11-FFI-30min,,,,,,,,,,,,,,,,,,,,,,,,,,,TIC-448002486-38-FFI-10min,,,,,,,,,,,,,,,,,,,,,,,,,,TIC-448002486-64-SPOC-120,TIC-448002486-65-SPOC-120,,,,,,,,,,,,,,,,,,,,,,,,,,,,,,,,,,,,,,,,,,,,,,,,,
27,328468855,5856567140866125440,,1.862,,UCL/LCC,16,Rebull_2022,Rebull,2022,,,,,,,,,,,TIC-328468855-11-FFI-30min,,,,,,,,,,,,,,,,,,,,,,,,,,,TIC-328468855-38-FFI-10min,,,,,,,,,,,,,,,,,,,,,,,,,,TIC-328468855-64-FFI-200s,,,,,,,,,,,,,,,,,,,,,,,,,,,,,,,,,,,,,,,,,,,,,,,,,,
28,435899024,5861945711251717888,,0.3634,,UCL/LCC,16,Stauffer_2021,Stauffer,2021,,,,,,,,,,,TIC-435899024-11-FFI-30min,,,,,,,,,,,,,,,,,,,,,,,,,,,TIC-435899024-38-FFI-10min,,,,,,,,,,,,,,,,,,,,,,,,,,TIC-435899024-64-SPOC-120,TIC-435899024-65-SPOC-120,,,,,,,,,,,,,,,,,,,,,,,,,,,,,,,,,,,,,,,,,,,,,,,,,
29,973449111,5868286560427916160,,0.621,,UCL/LCC,16,Stauffer_2021,Stauffer,2021,,,,,,,,,,,TIC-973449111-11-FFI-30min,,,,,,,,,,,,,,,,,,,,,,,,,,,TIC-973449111-38-FFI-10min,,,,,,,,,,,,,,,,,,,,,,,,,,TIC-973449111-64-SPOC-120,TIC-973449111-65-SPOC-120,,,,,,,,,,,,,,,,,,,,,,,,,,,,,,,,,,,,,,,,,,,,,,,,,
30,309321971,5901773217829654912,,0.6314,,UCL/LCC,16,Rebull_2022,Rebull,2022,,,,,,,,,,,TIC-309321971-11-FFI-30min,,,,,,,,,,,,,,,,,,,,,,,,,,,TIC-309321971-38-FFI-10min,,,,,,,,,,,,,,,,,,,,,,,,,,,TIC-309321971-65-FFI-200s,,,,,,,,,,,,,,,,,,,,,,,,,,,,,,,,,,,,,,,,,,,,,,,,,
31,254612758,5988925319818253696,,0.5939,,UCL/LCC,16,Stauffer_2021,Stauffer,2021,,,,,,,,,,,,TIC-254612758-12-FFI-30min,,,,,,,,,,,,,,,,,,,,,,,,,,TIC-254612758-38-FFI-10min,,,,,,,,,,,,,,,,,,,,,,,,,,,TIC-254612758-65-SPOC-120,,,,,,,,,,,,,,,,,,,,,,,,,,,,,,,,,,,,,,,,,,,,,,,,,
32,364291454,5996407565146180992,,0.3495,0.406,UCL/LCC,16,Rebull_2022,Rebull,2022,,,,,,,,,,,,TIC-364291454-12-FFI-30min,,,,,,,,,,,,,,,,,,,,,,,,,,,,,,,,,,,,,,,,,,,,,,,,,,,,,,,,,,,,,,,,,,,,,,,,,,,,,,,,,,,,,,,,,,,,,,,,,,,,,,
33,147828926,5999293989334501888,,0.4973,,UCL/LCC,16,Rebull_2022,Rebull,2022,,,,,,,,,,,,TIC-147828926-12-FFI-30min,,,,,,,,,,,,,,,,,,,,,,,,,,TIC-147828926-38-FFI-10min,,,,,,,,,,,,,,,,,,,,,,,,,,,TIC-147828926-65-FFI-200s,,,,,,,,,,,,,,,,,,,,,,,,,,,,,,,,,,,,,,,,,,,,,,,,,
34,176205621,6001888939853401728,,0.4258,,UCL/LCC,16,Rebull_2022,Rebull,2022,,,,,,,,,,,,TIC-176205621-12-FFI-30min,,,,,,,,,,,,,,,,,,,,,,,,,,TIC-176205621-38-FFI-10min,,,,,,,,,,,,,,,,,,,,,,,,,,,TIC-176205621-65-FFI-200s,,,,,,,,,,,,,,,,,,,,,,,,,,,,,,,,,,,,,,,,,,,,,,,,,
35,276502773,6004379539837518080,,0.5553,,UCL/LCC,16,Rebull_2022,Rebull,2022,,,,,,,,,,,TIC-276502773-11-FFI-30min,,,,,,,,,,,,,,,,,,,,,,,,,,,TIC-276502773-38-FFI-10min,,,,,,,,,,,,,,,,,,,,,,,,,,,TIC-276502773-65-FFI-200s,,,,,,,,,,,,,,,,,,,,,,,,,,,,,,,,,,,,,,,,,,,,,,,,,
36,99207324,6011565879115186816,,0.7912,,UCL/LCC,16,Stauffer_2021,Stauffer,2021,,,,,,,,,,,,TIC-99207324-12-FFI-30min,,,,,,,,,,,,,,,,,,,,,,,,,,TIC-99207324-38-FFI-10min,,,,,,,,,,,,,,,,,,,,,,,,,,,TIC-99207324-65-SPOC-120,,,,,,,,,,,,,,,,,,,,,,,,,,,,,,,,,,,,,,,,,,,,,,,,,
37,310720311,6053706655144658688,,0.6651,,UCL/LCC,16,Stauffer_2021,Stauffer,2021,,,,,,,,,,,TIC-310720311-11-FFI-30min,,,,,,,,,,,,,,,,,,,,,,,,,,TIC-310720311-37-FFI-10min,TIC-310720311-38-FFI-10min,,,,,,,,,,,,,,,,,,,,,,,,,,TIC-310720311-64-SPOC-120,TIC-310720311-65-SPOC-120,,,,,,,,,,,,,,,,,,,,,,,,,,,,,,,,,,,,,,,,,,,,,,,,,
38,405970436,6056701037640956288,,0.5772,,UCL/LCC,16,Rebull_2022,Rebull,2022,,,,,,,,,,,TIC-405970436-11-FFI-30min,,,,,,,,,,,,,,,,,,,,,,,,,,TIC-405970436-37-FFI-10min,TIC-405970436-38-FFI-10min,,,,,,,,,,,,,,,,,,,,,,,,,,TIC-405970436-64-FFI-200s,TIC-405970436-65-FFI-200s,,,,,,,,,,,,,,,,,,,,,,,,,,,,,,,,,,,,,,,,,,,,,,,,,
39,406040223,6057147611155597440,,0.3242,,UCL/LCC,16,Stauffer_2021,Stauffer,2021,,,,,,,,,,,TIC-406040223-11-FFI-30min,,,,,,,,,,,,,,,,,,,,,,,,,,TIC-406040223-37-FFI-10min,TIC-406040223-38-FFI-10min,,,,,,,,,,,,,,,,,,,,,,,,,,TIC-406040223-64-SPOC-120,TIC-406040223-65-SPOC-120,,,,,,,,,,,,,,,,,,,,,,,,,,,,,,,,,,,,,,,,,,,,,,,,,
40,207621404,6064353054428529152,,0.4514,,UCL/LCC,16,Stauffer_2021,Stauffer,2021,,,,,,,,,,,TIC-207621404-11-FFI-30min,,,,,,,,,,,,,,,,,,,,,,,,,,,TIC-207621404-38-FFI-10min,,,,,,,,,,,,,,,,,,,,,,,,,,,TIC-207621404-65-SPOC-120,,,,,,,,,,,,,,,,,,,,,,,,,,,,,,,,,,,,,,,,,,,,,,,,,
41,405695928,6073671037505307904,,1.3392,,UCL/LCC,16,Rebull_2022,Rebull,2022,,,,,,,,,,,TIC-405695928-11-FFI-30min,,,,,,,,,,,,,,,,,,,,,,,,,,TIC-405695928-37-SPOC-120,TIC-405695928-38-SPOC-120,,,,,,,,,,,,,,,,,,,,,,,,,,TIC-405695928-64-FFI-200s,,,,,,,,,,,,,,,,,,,,,,,,,,,,,,,,,,,,,,,,,,,,,,,,,,
42,273821594,6074279754632630272,,0.6642,,UCL/LCC,16,Rebull_2022,Rebull,2022,,,,,,,,,,TIC-273821594-10-FFI-30min,TIC-273821594-11-FFI-30min,,,,,,,,,,,,,,,,,,,,,,,,,,TIC-273821594-37-FFI-10min,TIC-273821594-38-FFI-10min,,,,,,,,,,,,,,,,,,,,,,,,,,TIC-273821594-64-FFI-200s,,,,,,,,,,,,,,,,,,,,,,,,,,,,,,,,,,,,,,,,,,,,,,,,,,
43,419779703,6074797246644014720,,0.3689,,UCL/LCC,16,Rebull_2022,Rebull,2022,,,,,,,,,,,TIC-419779703-11-FFI-30min,,,,,,,,,,,,,,,,,,,,,,,,,,TIC-419779703-37-FFI-10min,TIC-419779703-38-FFI-10min,,,,,,,,,,,,,,,,,,,,,,,,,,TIC-419779703-64-FFI-200s,,,,,,,,,,,,,,,,,,,,,,,,,,,,,,,,,,,,,,,,,,,,,,,,,,
44,398768350,6075429981240520704,,0.4899,,UCL/LCC,16,Stauffer_2021,Stauffer,2021,,,,,,,,,,TIC-398768350-10-FFI-30min,TIC-398768350-11-FFI-30min,,,,,,,,,,,,,,,,,,,,,,,,,,TIC-398768350-37-FFI-10min,,,,,,,,,,,,,,,,,,,,,,,,,,,TIC-398768350-64-FFI-200s,,,,,,,,,,,,,,,,,,,,,,,,,,,,,,,,,,,,,,,,,,,,,,,,,,
45,288093002,6076050346312676608,,0.4315,,UCL/LCC,16,Stauffer_2021,Stauffer,2021,,,,,,,,,,TIC-288093002-10-FFI-30min,TIC-288093002-11-FFI-30min,,,,,,,,,,,,,,,,,,,,,,,,,,TIC-288093002-37-FFI-10min,,,,,,,,,,,,,,,,,,,,,,,,,,,TIC-288093002-64-SPOC-120,,,,,,,,,,,,,,,,,,,,,,,,,,,,,,,,,,,,,,,,,,,,,,,,,,
46,161734785,6079297818307636096,,0.3487,,UCL/LCC,16,Stauffer_2021,Stauffer,2021,,,,,,,,,,TIC-161734785-10-FFI-30min,TIC-161734785-11-FFI-30min,,,,,,,,,,,,,,,,,,,,,,,,,,TIC-161734785-37-FFI-10min,,,,,,,,,,,,,,,,,,,,,,,,,,,TIC-161734785-64-SPOC-120,,,,,,,,,,,,,,,,,,,,,,,,,,,,,,,,,,,,,,,,,,,,,,,,,,
47,165904363,6079467216120374784,,1.4963,,UCL/LCC,16,Rebull_2022,Rebull,2022,,,,,,,,,,TIC-165904363-10-FFI-30min,TIC-165904363-11-FFI-30min,,,,,,,,,,,,,,,,,,,,,,,,,,TIC-165904363-37-FFI-10min,,,,,,,,,,,,,,,,,,,,,,,,,,,TIC-165904363-64-SPOC-120,,,,,,,,,,,,,,,,,,,,,,,,,,,,,,,,,,,,,,,,,,,,,,,,,,
48,404335106,6081131979803083136,,2.9329,,UCL/LCC,16,Rebull_2022,Rebull,2022,,,,,,,,,,,TIC-404335106-11-FFI-30min,,,,,,,,,,,,,,,,,,,,,,,,,,TIC-404335106-37-FFI-10min,TIC-404335106-38-FFI-10min,,,,,,,,,,,,,,,,,,,,,,,,,,TIC-404335106-64-FFI-200s,,,,,,,,,,,,,,,,,,,,,,,,,,,,,,,,,,,,,,,,,,,,,,,,,,
49,404387832,6081508322019767296,,0.4423,0.2548,UCL/LCC,16,Rebull_2022,Rebull,2022,,,,,,,,,,,TIC-404387832-11-FFI-30min,,,,,,,,,,,,,,,,,,,,,,,,,,TIC-404387832-37-FFI-10min,TIC-404387832-38-FFI-10min,,,,,,,,,,,,,,,,,,,,,,,,,,TIC-404387832-64-FFI-200s,,,,,,,,,,,,,,,,,,,,,,,,,,,,,,,,,,,,,,,,,,,,,,,,,,
50,328906141,6089133916200093696,,0.463,,UCL/LCC,16,Stauffer_2021,Stauffer,2021,,,,,,,,,,,TIC-328906141-11-FFI-30min,,,,,,,,,,,,,,,,,,,,,,,,,,,TIC-328906141-38-FFI-10min,,,,,,,,,,,,,,,,,,,,,,,,,,,TIC-328906141-65-SPOC-120,,,,,,,,,,,,,,,,,,,,,,,,,,,,,,,,,,,,,,,,,,,,,,,,,
51,329694185,6089460471148907008,,0.2726,,UCL/LCC,16,Rebull_2022,Rebull,2022,,,,,,,,,,,TIC-329694185-11-FFI-30min,,,,,,,,,,,,,,,,,,,,,,,,,,,TIC-329694185-38-FFI-10min,,,,,,,,,,,,,,,,,,,,,,,,,,,TIC-329694185-65-FFI-200s,,,,,,,,,,,,,,,,,,,,,,,,,,,,,,,,,,,,,,,,,,,,,,,,,
52,330560000,6089681782226103680,,1.3899,,UCL/LCC,16,Stauffer_2021,Stauffer,2021,,,,,,,,,,,TIC-330560000-11-FFI-30min,,,,,,,,,,,,,,,,,,,,,,,,,,,TIC-330560000-38-FFI-10min,,,,,,,,,,,,,,,,,,,,,,,,,,,TIC-330560000-65-SPOC-120,,,,,,,,,,,,,,,,,,,,,,,,,,,,,,,,,,,,,,,,,,,,,,,,,
53,211513644,6091694403899673728,,0.6336,,UCL/LCC,16,Stauffer_2021,Stauffer,2021,,,,,,,,,,,TIC-211513644-11-FFI-30min,,,,,,,,,,,,,,,,,,,,,,,,,,,,,,,,,,,,,,,,,,,,,,,,,,,,,,TIC-211513644-65-SPOC-120,,,,,,,,,,,,,,,,,,,,,,,,,,,,,,,,,,,,,,,,,,,,,,,,,
54,242407571,6095898695842130048,,0.4722,,UCL/LCC,16,Stauffer_2021,Stauffer,2021,,,,,,,,,,,TIC-242407571-11-FFI-30min,,,,,,,,,,,,,,,,,,,,,,,,,,,TIC-242407571-38-FFI-10min,,,,,,,,,,,,,,,,,,,,,,,,,,,TIC-242407571-65-SPOC-120,,,,,,,,,,,,,,,,,,,,,,,,,,,,,,,,,,,,,,,,,,,,,,,,,
55,127866051,6097896886432620160,,0.7988,,UCL/LCC,16,Rebull_2022,Rebull,2022,,,,,,,,,,,TIC-127866051-11-FFI-30min,,,,,,,,,,,,,,,,,,,,,,,,,,,TIC-127866051-38-FFI-10min,,,,,,,,,,,,,,,,,,,,,,,,,,,TIC-127866051-65-FFI-200s,,,,,,,,,,,,,,,,,,,,,,,,,,,,,,,,,,,,,,,,,,,,,,,,,
56,127246012,6099073363870236800,,0.4274,0.1069,UCL/LCC,16,Rebull_2022,Rebull,2022,,,,,,,,,,,TIC-127246012-11-FFI-30min,,,,,,,,,,,,,,,,,,,,,,,,,,,TIC-127246012-38-FFI-10min,,,,,,,,,,,,,,,,,,,,,,,,,,,TIC-127246012-65-FFI-200s,,,,,,,,,,,,,,,,,,,,,,,,,,,,,,,,,,,,,,,,,,,,,,,,,
57,129309458,6100482559819865856,,0.5533,,UCL/LCC,16,Rebull_2022,Rebull,2022,,,,,,,,,,,TIC-129309458-11-FFI-30min,,,,,,,,,,,,,,,,,,,,,,,,,,,TIC-129309458-38-FFI-10min,,,,,,,,,,,,,,,,,,,,,,,,,,,TIC-129309458-65-FFI-200s,,,,,,,,,,,,,,,,,,,,,,,,,,,,,,,,,,,,,,,,,,,,,,,,,
58,127309526,6102553352528751104,,0.217,,UCL/LCC,16,Stauffer_2021,Stauffer,2021,,,,,,,,,,,TIC-127309526-11-FFI-30min,,,,,,,,,,,,,,,,,,,,,,,,,,,TIC-127309526-38-FFI-10min,,,,,,,,,,,,,,,,,,,,,,,,,,,TIC-127309526-65-SPOC-120,,,,,,,,,,,,,,,,,,,,,,,,,,,,,,,,,,,,,,,,,,,,,,,,,
59,241884143,6103443682068685696,,0.2695,0.6399,UCL/LCC,16,Rebull_2022,Rebull,2022,,,,,,,,,,,TIC-241884143-11-FFI-30min,,,,,,,,,,,,,,,,,,,,,,,,,,,TIC-241884143-38-FFI-10min,,,,,,,,,,,,,,,,,,,,,,,,,,,TIC-241884143-65-FFI-200s,,,,,,,,,,,,,,,,,,,,,,,,,,,,,,,,,,,,,,,,,,,,,,,,,
60,243499565,6106993554140699520,,1.1947,,UCL/LCC,16,Stauffer_2021,Stauffer,2021,,,,,,,,,,,TIC-243499565-11-FFI-30min,,,,,,,,,,,,,,,,,,,,,,,,,,,TIC-243499565-38-SPOC-120,,,,,,,,,,,,,,,,,,,,,,,,,,TIC-243499565-64-SPOC-120,,,,,,,,,,,,,,,,,,,,,,,,,,,,,,,,,,,,,,,,,,,,,,,,,,
61,243449997,6107289533226214400,,0.3827,,UCL/LCC,16,Rebull_2022,Rebull,2022,,,,,,,,,,,TIC-243449997-11-FFI-30min,,,,,,,,,,,,,,,,,,,,,,,,,,,TIC-243449997-38-FFI-10min,,,,,,,,,,,,,,,,,,,,,,,,,,TIC-243449997-64-FFI-200s,,,,,,,,,,,,,,,,,,,,,,,,,,,,,,,,,,,,,,,,,,,,,,,,,,
62,243611773,6108669214161311616,,0.349,,UCL/LCC,16,Stauffer_2021,Stauffer,2021,,,,,,,,,,,TIC-243611773-11-FFI-30min,,,,,,,,,,,,,,,,,,,,,,,,,,,TIC-243611773-38-FFI-10min,,,,,,,,,,,,,,,,,,,,,,,,,,TIC-243611773-64-SPOC-120,,,,,,,,,,,,,,,,,,,,,,,,,,,,,,,,,,,,,,,,,,,,,,,,,,
63,243381460,6111548074901230080,,0.3684,,UCL/LCC,16,Stauffer_2021,Stauffer,2021,,,,,,,,,,,TIC-243381460-11-FFI-30min,,,,,,,,,,,,,,,,,,,,,,,,,,,TIC-243381460-38-FFI-10min,,,,,,,,,,,,,,,,,,,,,,,,,,,,,,,,,,,,,,,,,,,,,,,,,,,,,,,,,,,,,,,,,,,,,,,,,,,,
64,179367270,6117102949382766976,,2.6435,,UCL/LCC,16,Rebull_2022,Rebull,2022,,,,,,,,,,,TIC-179367270-11-FFI-30min,,,,,,,,,,,,,,,,,,,,,,,,,,,TIC-179367270-38-SPOC-120,,,,,,,,,,,,,,,,,,,,,,,,,,TIC-179367270-64-FFI-200s,,,,,,,,,,,,,,,,,,,,,,,,,,,,,,,,,,,,,,,,,,,,,,,,,,
65,248145126,6135268015342940928,,0.3504,,UCL/LCC,16,Stauffer_2021,Stauffer,2021,,,,,,,,,,TIC-248145126-10-FFI-30min,TIC-248145126-11-FFI-30min,,,,,,,,,,,,,,,,,,,,,,,,,,TIC-248145126-37-FFI-10min,,,,,,,,,,,,,,,,,,,,,,,,,,,TIC-248145126-64-SPOC-120,,,,,,,,,,,,,,,,,,,,,,,,,,,,,,,,,,,,,,,,,,,,,,,,,,
66,135162879,6148164290302297600,,0.3775,,UCL/LCC,16,Stauffer_2021,Stauffer,2021,,,,,,,,,,TIC-135162879-10-FFI-30min,,,,,,,,,,,,,,,,,,,,,,,,,,,TIC-135162879-37-FFI-10min,,,,,,,,,,,,,,,,,,,,,,,,,,,TIC-135162879-64-SPOC-120,,,,,,,,,,,,,,,,,,,,,,,,,,,,,,,,,,,,,,,,,,,,,,,,,,
67,121840452,6197960106773771776,,0.3787,0.205,UCL/LCC,16,Stauffer_2021,Stauffer,2021,,,,,,,,,,,TIC-121840452-11-FFI-30min,,,,,,,,,,,,,,,,,,,,,,,,,,,TIC-121840452-38-FFI-10min,,,,,,,,,,,,,,,,,,,,,,,,,,,TIC-121840452-65-SPOC-120,,,,,,,,,,,,,,,,,,,,,,,,,,,,,,,,,,,,,,,,,,,,,,,,,
68,461643692,6204205642057395456,,0.4115,,UCL/LCC,16,Stauffer_2021,Stauffer,2021,,,,,,,,,,,TIC-461643692-11-FFI-30min,,,,,,,,,,,,,,,,,,,,,,,,,,,TIC-461643692-38-FFI-10min,,,,,,,,,,,,,,,,,,,,,,,,,,,TIC-461643692-65-SPOC-120,,,,,,,,,,,,,,,,,,,,,,,,,,,,,,,,,,,,,,,,,,,,,,,,,
69,272398365,6207552413714047488,,0.4841,,UCL/LCC,16,Rebull_2022,Rebull,2022,,,,,,,,,,,TIC-272398365-11-FFI-30min,,,,,,,,,,,,,,,,,,,,,,,,,,,TIC-272398365-38-FFI-10min,,,,,,,,,,,,,,,,,,,,,,,,,,,TIC-272398365-65-FFI-200s,,,,,,,,,,,,,,,,,,,,,,,,,,,,,,,,,,,,,,,,,,,,,,,,,
70,440686535,64933037865353600,211013604,0.4627,,Pleiades,125,Rebull_2016,Rebull,2016,,,,,,,,,,,,,,,,,,,,,,,,,,,,,,,,,,,,,,,,,,TIC-440686535-42-SPOC-120,TIC-440686535-43-SPOC-120,TIC-440686535-44-FFI-10min,,,,,,,,,,,,,,,,,,,,,,,,,,TIC-440686535-70-FFI-200s,TIC-440686535-71-FFI-200s,,,,,,,,,,,,,,,,,,,,,,,,,,,,,,,,EPIC-211013604-4-EVEREST-1800,,,,,,,,,,,
71,440690770,64933621980897536,211016654,0.2671,0.1702,Pleiades,125,Rebull_2016,Rebull,2016,,,,,,,,,,,,,,,,,,,,,,,,,,,,,,,,,,,,,,,,,,TIC-440690770-42-FFI-10min,TIC-440690770-43-FFI-10min,TIC-440690770-44-FFI-10min,,,,,,,,,,,,,,,,,,,,,,,,,,TIC-440690770-70-SPOC-120,TIC-440690770-71-SPOC-120,,,,,,,,,,,,,,,,,,,,,,,,,,,,,,,,EPIC-211016654-4-EVEREST-1800,,,,,,,,,,,
72,67768181,65232757863112192,211047687,0.3049,0.2016,Pleiades,125,Rebull_2016,Rebull,2016,,,,,,,,,,,,,,,,,,,,,,,,,,,,,,,,,,,,,,,,,,TIC-67768181-42-SPOC-120,TIC-67768181-43-SPOC-120,TIC-67768181-44-SPOC-120,,,,,,,,,,,,,,,,,,,,,,,,,,TIC-67768181-70-SPOC-120,TIC-67768181-71-SPOC-120,,,,,,,,,,,,,,,,,,,,,,,,,,,,,,,,EPIC-211047687-4-EVEREST-1800,,,,,,,,,,,
73,14334105,65910602485240576,211057712,0.2775,0.3514,Pleiades,125,Rebull_2016,Rebull,2016,,,,,,,,,,,,,,,,,,,,,,,,,,,,,,,,,,,,,,,,,,,TIC-14334105-43-FFI-10min,TIC-14334105-44-FFI-10min,,,,,,,,,,,,,,,,,,,,,,,,,,TIC-14334105-70-FFI-200s,TIC-14334105-71-FFI-200s,,,,,,,,,,,,,,,,,,,,,,,,,,,,,,,,EPIC-211057712-4-EVEREST-1800,,,,,,,,,,,
74,353927317,68183331674900864,211070495,0.606,,Pleiades,125,Rebull_2016,Rebull,2016,,,,,,,,,,,,,,,,,,,,,,,,,,,,,,,,,,,,,,,,,,TIC-353927317-42-SPOC-120,TIC-353927317-43-SPOC-120,TIC-353927317-44-SPOC-120,,,,,,,,,,,,,,,,,,,,,,,,,,TIC-353927317-70-FFI-200s,TIC-353927317-71-FFI-200s,,,,,,,,,,,,,,,,,,,,,,,,,,,,,,,,EPIC-211070495-4-EVEREST-1800,,,,,,,,,,,
75,165184400,5046815924054174848,,0.66321,,Tucana-Horologium,40,Popinchalk_2023,Popinchalk,2023,,,TIC-165184400-3-FFI-30min,TIC-165184400-4-SPOC-120,,,,,,,,,,,,,,,,,,,,,,,,,,TIC-165184400-30-SPOC-120,TIC-165184400-31-SPOC-120,,,,,,,,,,,,,,,,,,,,,,,,,,,,,,,,,,,,,,,,,,,,,,,,,,,,,,,,,,,,,,,,,,TIC-165184400-97-FFI-200s,,,,,,,,,,,,,,,,,
76,465268712,5239392538122310400,,0.31898,,IC 2602,40,Popinchalk_2024,Popinchalk,2024,,,,,,,,,,TIC-465268712-10-FFI-30min,TIC-465268712-11-FFI-30min,,,,,,,,,,,,,,,,,,,,,,,,,,TIC-465268712-37-FFI-10min,TIC-465268712-38-FFI-10min,,,,,,,,,,,,,,,,,,,,,,,,,,TIC-465268712-64-FFI-200s,TIC-465268712-65-FFI-200s,,,,,,,,,,,,,,,,,,,,,,,,,TIC-465268712-90-FFI-200s,,,,,,,,,,,,,,,,,,,,,,,,
77,370829038,5247506723457135104,,0.35479,,IC 2602,40,Popinchalk_2024,Popinchalk,2024,,,,,,,,,TIC-370829038-9-FFI-30min,TIC-370829038-10-FFI-30min,TIC-370829038-11-FFI-30min,,,,,,,,,,,,,,,,,,,,,,,,,TIC-370829038-36-FFI-10min,TIC-370829038-37-FFI-10min,TIC-370829038-38-FFI-10min,,,,,,,,,,,,,,,,,,,,,,,,,TIC-370829038-63-FFI-200s,TIC-370829038-64-FFI-200s,TIC-370829038-65-FFI-200s,,,,,,,,,,,,,,,,,,,,,,,,,TIC-370829038-90-SPOC-120,,,,,,,,,,,,,,,,,,,,,,,,
78,342456426,5319023224634030464,,0.39463,,CIC 2602,40,Popinchalk_2024,Popinchalk,2024,,,,,,,,TIC-342456426-8-FFI-30min,TIC-342456426-9-FFI-30min,TIC-342456426-10-FFI-30min,,,,,,,,,,,,,,,,,,,,,,,,TIC-342456426-34-FFI-10min,TIC-342456426-35-FFI-10min,TIC-342456426-36-FFI-10min,,,,,,,,,,,,,,,,,,,,,,,,,TIC-342456426-61-SPOC-120,TIC-342456426-62-SPOC-120,TIC-342456426-63-SPOC-120,,,,,,,,,,,,,,,,,,,,,,,,,TIC-342456426-88-SPOC-120,TIC-342456426-89-SPOC-120,TIC-342456426-90-SPOC-120,,,,,,,,,,,,,,,,,,,,,,,,
79,92740519,5321261452356605440,,0.47108,,Theia 92,,Popinchalk_2024,Popinchalk,2024,,,,,,,,TIC-92740519-8-FFI-30min,TIC-92740519-9-FFI-30min,,,,,,,,,,,,,,,,,,,,,,,,,,TIC-92740519-35-FFI-10min,TIC-92740519-36-FFI-10min,,,,,,,,,,,,,,,,,,,,,,,,,TIC-92740519-61-FFI-200s,TIC-92740519-62-FFI-200s,,,,,,,,,,,,,,,,,,,,,,,,,,TIC-92740519-88-FFI-200s,TIC-92740519-89-SPOC-120,TIC-92740519-90-SPOC-120,,,,,,,,,,,,,,,,,,,,,,,,
80,353730181,144329975098261504,,0.56291667,,Taurus,2,Bouma_2024,Bouma,2024,,,,,,,,,,,,,,,,,,,,,,,,,,,,,,,,,,,,,,,,,,,TIC-353730181-43-SPOC-120,TIC-353730181-44-SPOC-120,,,,,,,,,,,,,,,,,,,,,,,,,,TIC-353730181-70-SPOC-120,TIC-353730181-71-SPOC-120,,,,,,,,,,,,,,,,,,,,,,,,,,,,,,,,,,,,,,,,,,,
81,368129164,1450067137649786752,,0.26833333,0.10833333,AB Doradus moving group,149,Bouma_2024,Bouma,2024,,,,,,,,,,,,,,,,,,,,,,,TIC-368129164-23-SPOC-120,,,,,,,,,,,,,,,,,,,,,,,,,,,TIC-368129164-50-SPOC-120,,,,,,,,,,,,,,,,,,,,,,,,,,,TIC-368129164-77-SPOC-120,,,,,,,,,,,,,,,,,,,,,,,,,,,,,,,,,,,,,
82,267953787,149327461604161408,,0.7275,,Taurus,2,Bouma_2024,Bouma,2024,,,,,,,,,,,,,,,,,,,,,,,,,,,,,,,,,,,,,,,,,,,TIC-267953787-43-SPOC-120,TIC-267953787-44-SPOC-120,,,,,,,,,,,,,,,,,,,,,,,,,,TIC-267953787-70-SPOC-120,TIC-267953787-71-SPOC-120,,,,,,,,,,,,,,,,,,,,,,,,,,,,,,,,,,,,,,,,,,,
83,59836633,154779286930692352,,0.62333333,,Beta Pic moving group,24,Bouma_2024,Bouma,2024,,,,,,,,,,,,,,,,,,,,,,,,,,,,,,,,,,,,,,,,,,,TIC-59836633-43-SPOC-120,TIC-59836633-44-SPOC-120,,,,,,,,,,,,,,,,,,,,,,,,,,,TIC-59836633-71-FFI-200s,,,,,,,,,,,,,,,,,,,,,,,,,,,,,,,,,,,,,,,,,,,
84,2234692,181104928193233408,,0.27166667,2.49166667,Columba,42,Bouma_2024,Bouma,2024,,,,,,,,,,,,,,,,,,,TIC-2234692-19-SPOC-120,,,,,,,,,,,,,,,,,,,,,,,,TIC-2234692-43-SPOC-120,TIC-2234692-44-SPOC-120,TIC-2234692-45-SPOC-120,,,,,,,,,,,,,,TIC-2234692-59-FFI-200s,,,,,,,,,,,,TIC-2234692-71-SPOC-120,,TIC-2234692-73-SPOC-120,,,,,,,,,,,,,TIC-2234692-86-SPOC-120,,,,,,,,,,,,,,,,,,,,,,,,,,,,
85,332517282,2330466915715754112,,0.40291667,,AB Doradus moving group,149,Zhan_2019,Zhan,2019,,TIC-332517282-2-SPOC-120,,,,,,,,,,,,,,,,,,,,,,,,,,,TIC-332517282-29-SPOC-120,,,,,,,,,,,,,,,,,,,,,,,,,,,,,,,,,,,,,,,,TIC-332517282-69-SPOC-120,,,,,,,,,,,,,,,,,,,,,,,,,,,TIC-332517282-96-FFI-200s,,,,,,,,,,,,,,,,,,
86,146539195,2962794236080240128,,0.28041667,0.30375,Beta Pic moving group,24,Bouma_2024,Bouma,2024,,,,,TIC-146539195-5-SPOC-120,,,,,,,,,,,,,,,,,,,,,,,,,,,TIC-146539195-32-SPOC-120,,,,,,,,,,,,,,,,,,,,,,,,,,,,,,,,,,,,,,,,,,,,,,,,,,,,,,,,,,,,,,,,,,,,,,,,,,,,,,,,,,
87,264599508,3156962079670742528,,0.32916667,0.37458333,Columba,42,Bouma_2024,Bouma,2024,,,,,,,TIC-264599508-7-SPOC-120,,,,,,,,,,,,,,,,,,,,,,,,,,TIC-264599508-33-SPOC-120,,,,,,,,,,,TIC-264599508-44-SPOC-120,TIC-264599508-45-SPOC-120,TIC-264599508-46-SPOC-120,,,,,,,,,,,,,,,,,,,,,,,,,TIC-264599508-71-SPOC-120,TIC-264599508-72-SPOC-120,,,,,,,,,,,,,,,TIC-264599508-87-SPOC-120,,,,,,,,,,,,,,,,,,,,,,,,,,,
88,50745567,3216729878197029120,,0.26416667,1.18958333,Beta Pic moving group,24,Bouma_2024,Bouma,2024,,,,,,TIC-50745567-6-SPOC-120,,,,,,,,,,,,,,,,,,,,,,,,,,TIC-50745567-32-SPOC-120,,,,,,,,,,,,,,,,,,,,,,,,,,,,,,,,,,,,,,,,,,,,,,,,,,,,,,,,,,,,,,,,,,,,,,,,,,,,,,,,,,
89,38539720,3244410500033689728,,0.38166667,,Pisces-Eridani,120,Bouma_2024,Bouma,2024,,,,,,,,,,,,,,,,,,,,,,,,,,,,,,,TIC-38539720-31-SPOC-120,,,,,,,,,,,,,,,,,,,,,,,,,,,,,,,,,,,,,,,,,,,,,,,,,,,,,,,,,,,,,,,,,,,,,,,,,,,,,,,,,,,
90,311092148,3274291270411229056,,0.3275,,Columba,42,Bouma_2024,Bouma,2024,,,,,,,,,,,,,,,,,,,,,,,,,,,,,,,TIC-311092148-31-SPOC-120,,,,,,,,,,,,,,,,,,,,,,,,,,,,,,,,,,,,,,,,,,,,,,,,,,,,,,,,,,,,,,,,,,,,,,,,,,,,,,,,,,,
91,68812630,3408524670748967808,,0.37666667,0.22,Taurus,2,Bouma_2024,Bouma,2024,,,,,,,,,,,,,,,,,,,,,,,,,,,,,,,,,,,,,,,,,,,TIC-68812630-43-SPOC-120,TIC-68812630-44-SPOC-120,,,,,,,,,,,,,,,,,,,,,,,,,,,TIC-68812630-71-SPOC-120,,,,,,,,,,,,,,,,,,,,,,,,,,,,,,,,,,,,,,,,,,,
92,118449916,3410376454489356416,,0.51291667,0.27958333,Taurus,2,Bouma_2024,Bouma,2024,,,,,,,,,,,,,,,,,,,,,,,,,,,,,,,,,,,,,,,,,,,TIC-118449916-43-SPOC-120,TIC-118449916-44-SPOC-120,,,,,,,,,,,,,,,,,,,,,,,,,,TIC-118449916-70-SPOC-120,TIC-118449916-71-SPOC-120,,,,,,,,,,,,,,,,,,,,,,,,,,,,,,,,,,,,,,,,,,,
93,142173958,3465944500845668224,,0.49,0.535,TW Hydrae association,10,Bouma_2024,Bouma,2024,,,,,,,,,,TIC-142173958-10-SPOC-120,,,,,,,,,,,,,,,,,,,,,,,,,,,TIC-142173958-37-SPOC-120,,,,,,,,,,,,,,,,,,,,,,,,,,,,,,,,,,,,,,,,,,,,,,,,,,,,,TIC-142173958-90-SPOC-120,,,,,,,,,,,,,,,,,,,,,,,,
94,193831684,4042180300005971200,,1.2925,,Beta Pic moving group,24,Bouma_2024,Bouma,2024,,,,,,,,,,,,,TIC-193831684-13-SPOC-120,,,,,,,,,,,,,,,,,,,,,,,,,,TIC-193831684-39-SPOC-120,,,,,,,,,,,,,,,,,,,,,,,,,,,TIC-193831684-66-SPOC-120,,,,,,,,,,,,,,,,,,,,,,,,,TIC-193831684-91-SPOC-120,TIC-193831684-92-SPOC-120,TIC-193831684-93-SPOC-120,,,,,,,,,,,,,,,,,,,,,
95,38820496,4703815338965472768,,0.65541667,,Tucana-Horologium,40,Zhan_2019,Zhan,2019,TIC-38820496-1-SPOC-120,TIC-38820496-2-SPOC-120,,,,,,,,,,,,,,,,,,,,,,,,,TIC-38820496-27-SPOC-120,TIC-38820496-28-SPOC-120,,,,,,,,,,,,,,,,,,,,,,,,,,,,,,,,,,,,,,,TIC-38820496-67-FFI-200s,TIC-38820496-68-SPOC-120,,,,,,,,,,,,,,,,,,,,,,,,,,,TIC-38820496-95-SPOC-120,TIC-38820496-96-SPOC-120,,,,,,,,,,,,,,,,,,
96,201898222,4741424237273655040,,0.44583333,0.5675,Tucana-Horologium,40,Bouma_2024,Bouma,2024,,TIC-201898222-2-SPOC-120,TIC-201898222-3-SPOC-120,,,,,,,,,,,,,,,,,,,,,,,,,,TIC-201898222-29-SPOC-120,TIC-201898222-30-SPOC-120,,,,,,,,,,,,,,,,,,,,,,,,,,,,,,,,,,,,,,,TIC-201898222-69-FFI-200s,,,,,,,,,,,,,,,,,,,,,,,,,,,TIC-201898222-96-SPOC-120,TIC-201898222-97-FFI-200s,,,,,,,,,,,,,,,,,
97,201789285,4742436853122727040,,0.15166667,,Tucana-Horologium,40,Zhan_2019,Zhan,2019,,TIC-201789285-2-SPOC-120,TIC-201789285-3-SPOC-120,,,,,,,,,,,,,,,,,,,,,,,,,,TIC-201789285-29-SPOC-120,TIC-201789285-30-SPOC-120,,,,,,,,,,,,,,,,,,,,,,,,,,,,,,,,,,,,,,,TIC-201789285-69-SPOC-120,,,,,,,,,,,,,,,,,,,,,,,,,,,TIC-201789285-96-SPOC-120,TIC-201789285-97-FFI-200s,,,,,,,,,,,,,,,,,
98,144486786,4809722429257648768,,0.28416667,0.47875,Columba,42,Bouma_2024,Bouma,2024,,,,,TIC-144486786-5-SPOC-120,TIC-144486786-6-SPOC-120,,,,,,,,,,,,,,,,,,,,,,,,,,TIC-144486786-32-SPOC-120,TIC-144486786-33-SPOC-120,,,,,,,,,,,,,,,,,,,,,,,,,,,,,,,,,,,,,,,,,,,,,,,,,,,,,,TIC-144486786-87-SPOC-120,,,,,,,,,,,,,,,,,,,,,,,,,,,
99,425937691,4900780511935295872,,0.20083333,0.13416667,Tucana-Horologium,40,Zhan_2019,Zhan,2019,TIC-425937691-1-SPOC-120,TIC-425937691-2-SPOC-120,,,,,,,,,,,,,,,,,,,,,,,,,,TIC-425937691-28-SPOC-120,TIC-425937691-29-FFI-10min,,,,,,,,,,,,,,,,,,,,,,,,,,,,,,,,,,,,,,,TIC-425937691-68-SPOC-120,TIC-425937691-69-SPOC-120,,,,,,,,,,,,,,,,,,,,,,,,,,TIC-425937691-95-SPOC-120,TIC-425937691-96-SPOC-120,,,,,,,,,,,,,,,,,,
100,425933644,4905813212878537216,,0.48625,,Tucana-Horologium,40,Zhan_2019,Zhan,2019,TIC-425933644-1-SPOC-120,TIC-425933644-2-SPOC-120,,,,,,,,,,,,,,,,,,,,,,,,,,TIC-425933644-28-SPOC-120,TIC-425933644-29-SPOC-120,,,,,,,,,,,,,,,,,,,,,,,,,,,,,,,,,,,,,,,TIC-425933644-68-SPOC-120,TIC-425933644-69-SPOC-120,,,,,,,,,,,,,,,,,,,,,,,,,,TIC-425933644-95-SPOC-120,TIC-425933644-96-SPOC-120,,,,,,,,,,,,,,,,,,
101,206544316,4909009394396454144,,0.32208333,,Tucana-Horologium,40,Zhan_2019,Zhan,2019,TIC-206544316-1-SPOC-120,TIC-206544316-2-SPOC-120,,,,,,,,,,,,,,,,,,,,,,,,,,TIC-206544316-28-SPOC-120,TIC-206544316-29-SPOC-120,,,,,,,,,,,,,,,,,,,,,,,,,,,,,,,,,,,,,,,TIC-206544316-68-SPOC-120,TIC-206544316-69-SPOC-120,,,,,,,,,,,,,,,,,,,,,,,,,,TIC-206544316-95-SPOC-120,TIC-206544316-96-SPOC-120,,,,,,,,,,,,,,,,,,
102,178155030,5050451154310013056,,0.48625,,Tucana-Horologium,40,Bouma_2024,Bouma,2024,,,TIC-178155030-3-SPOC-120,TIC-178155030-4-SPOC-120,,,,,,,,,,,,,,,,,,,,,,,,,,TIC-178155030-30-SPOC-120,TIC-178155030-31-SPOC-120,,,,,,,,,,,,,,,,,,,,,,,,,,,,,,,,,,,,,,,,,,,,,,,,,,,,,,,,,,,,,,,,,,TIC-178155030-97-FFI-200s,,,,,,,,,,,,,,,,,
103,141306513,5179619856194590080,,0.55666667,,Tucana-Horologium,40,Popinchalk_2023,Popinchalk,2023,,,,TIC-141306513-4-SPOC-120,,,,,,,,,,,,,,,,,,,,,,,,,,,TIC-141306513-31-SPOC-120,,,,,,,,,,,,,,,,,,,,,,,,,,,,,,,,,,,,,,,,,,,,,,,,,,,,,,,,,,,,,,,,,,,,,,,,,,,,,,,,,,,
104,397791443,5239135492911437568,,0.28958333,,IC 2602,40,Bouma_2024,Bouma,2024,,,,,,,,,,TIC-397791443-10-FFI-30min,TIC-397791443-11-FFI-30min,,,,,,,,,,,,,,,,,,,,,,,,,,TIC-397791443-37-SPOC-120,TIC-397791443-38-SPOC-120,,,,,,,,,,,,,,,,,,,,,,,,,TIC-397791443-63-FFI-200s,TIC-397791443-64-FFI-200s,TIC-397791443-65-FFI-200s,,,,,,,,,,,,,,,,,,,,,,,,,TIC-397791443-90-SPOC-120,,,,,,,,,,,,,,,,,,,,,,,,
105,177309964,5260885172922381824,,0.45333333,,CAR,45,Zhan_2019,Zhan,2019,TIC-177309964-1-SPOC-120,TIC-177309964-2-SPOC-120,TIC-177309964-3-SPOC-120,TIC-177309964-4-SPOC-120,TIC-177309964-5-SPOC-120,TIC-177309964-6-SPOC-120,TIC-177309964-7-SPOC-120,TIC-177309964-8-SPOC-120,TIC-177309964-9-SPOC-120,TIC-177309964-10-SPOC-120,TIC-177309964-11-SPOC-120,TIC-177309964-12-SPOC-120,TIC-177309964-13-SPOC-120,,,,,,,,,,,,,,TIC-177309964-27-SPOC-120,TIC-177309964-28-SPOC-120,TIC-177309964-29-SPOC-120,TIC-177309964-30-SPOC-120,TIC-177309964-31-SPOC-120,,TIC-177309964-33-SPOC-120,TIC-177309964-34-SPOC-120,TIC-177309964-35-SPOC-120,TIC-177309964-36-SPOC-120,TIC-177309964-37-SPOC-120,TIC-177309964-38-SPOC-120,TIC-177309964-39-SPOC-120,,,,,,,,,,,,,,,,,,,,,,TIC-177309964-61-SPOC-120,TIC-177309964-62-SPOC-120,TIC-177309964-63-SPOC-120,TIC-177309964-64-SPOC-120,TIC-177309964-65-SPOC-120,TIC-177309964-66-SPOC-120,TIC-177309964-67-SPOC-120,TIC-177309964-68-SPOC-120,TIC-177309964-69-SPOC-120,,,,,,,,,,,,,,,,,,TIC-177309964-87-SPOC-120,TIC-177309964-88-SPOC-120,TIC-177309964-89-SPOC-120,TIC-177309964-90-SPOC-120,,,TIC-177309964-93-SPOC-120,TIC-177309964-94-SPOC-120,TIC-177309964-95-SPOC-120,TIC-177309964-96-SPOC-120,TIC-177309964-97-FFI-200s,,,,,,,,,,,,,,,,,
106,300651846,5275157967723751936,,0.34416667,,CAR,45,Bouma_2024,Bouma,2024,TIC-300651846-1-FFI-30min,TIC-300651846-2-FFI-30min,TIC-300651846-3-FFI-30min,TIC-300651846-4-FFI-30min,TIC-300651846-5-FFI-30min,TIC-300651846-6-FFI-30min,TIC-300651846-7-FFI-30min,TIC-300651846-8-FFI-30min,TIC-300651846-9-FFI-30min,TIC-300651846-10-FFI-30min,TIC-300651846-11-FFI-30min,TIC-300651846-12-FFI-30min,TIC-300651846-13-FFI-30min,,,,,,,,,,,,,,TIC-300651846-27-FFI-10min,TIC-300651846-28-FFI-10min,TIC-300651846-29-FFI-10min,TIC-300651846-30-FFI-10min,TIC-300651846-31-FFI-10min,TIC-300651846-32-SPOC-120,TIC-300651846-33-SPOC-120,TIC-300651846-34-SPOC-120,TIC-300651846-35-SPOC-120,TIC-300651846-36-SPOC-120,TIC-300651846-37-SPOC-120,TIC-300651846-38-SPOC-120,TIC-300651846-39-SPOC-120,,,,,,,,,,,,,,,,,,,,,,TIC-300651846-61-SPOC-120,TIC-300651846-62-SPOC-120,TIC-300651846-63-SPOC-120,TIC-300651846-64-SPOC-120,TIC-300651846-65-SPOC-120,TIC-300651846-66-SPOC-120,,TIC-300651846-68-SPOC-120,TIC-300651846-69-SPOC-120,,,,,,,,,,,,,,,,,,TIC-300651846-87-SPOC-120,TIC-300651846-88-SPOC-120,TIC-300651846-89-SPOC-120,TIC-300651846-90-FFI-200s,,,TIC-300651846-93-SPOC-120,TIC-300651846-94-FFI-200s,TIC-300651846-95-SPOC-120,TIC-300651846-96-SPOC-120,TIC-300651846-97-FFI-200s,,,,,,,,,,,,,,,,,
107,264767454,5295268619511701760,,0.41708333,0.85916667,Columba,42,Bouma_2024,Bouma,2024,,,,,,,,TIC-264767454-8-SPOC-120,TIC-264767454-9-SPOC-120,TIC-264767454-10-SPOC-120,,,,,,,,,,,,,,,,,TIC-264767454-27-FFI-10min,,,,,,,TIC-264767454-34-SPOC-120,TIC-264767454-35-SPOC-120,TIC-264767454-36-SPOC-120,TIC-264767454-37-SPOC-120,,,,,,,,,,,,,,,,,,,,,,,,TIC-264767454-61-FFI-200s,TIC-264767454-62-FFI-200s,TIC-264767454-63-FFI-200s,,,,TIC-264767454-67-FFI-200s,,,,,,,,,,,,,,,,,,,,TIC-264767454-87-FFI-200s,TIC-264767454-88-SPOC-120,TIC-264767454-89-SPOC-120,TIC-264767454-90-SPOC-120,,,,,,,TIC-264767454-97-FFI-200s,,,,,,,,,,,,,,,,,
108,89463560,5314298588812179328,,0.39291667,0.32333333,Argus,45,Bouma_2024,Bouma,2024,,,,,,,,TIC-89463560-8-SPOC-120,TIC-89463560-9-SPOC-120,TIC-89463560-10-SPOC-120,,,,,,,,,,,,,,,,,,,,,,,,,TIC-89463560-35-SPOC-120,TIC-89463560-36-SPOC-120,TIC-89463560-37-SPOC-120,,,,,,,,,,,,,,,,,,,,,,,,TIC-89463560-61-SPOC-120,TIC-89463560-62-SPOC-120,TIC-89463560-63-SPOC-120,TIC-89463560-64-SPOC-120,,,,,,,,,,,,,,,,,,,,,,,,TIC-89463560-88-FFI-200s,TIC-89463560-89-SPOC-120,TIC-89463560-90-SPOC-120,,,,,,,,,,,,,,,,,,,,,,,,
109,94088626,5368673630700201984,,0.275,,Argus,45,Bouma_2024,Bouma,2024,,,,,,,,,,TIC-94088626-10-SPOC-120,,,,,,,,,,,,,,,,,,,,,,,,,,,TIC-94088626-37-FFI-10min,,,,,,,,,,,,,,,,,,,,,,,,,,,TIC-94088626-64-FFI-200s,,,,,,,,,,,,,,,,,,,,,,,,,,TIC-94088626-90-SPOC-120,,,,,,,,,,,,,,,,,,,,,,,,
110,294328887,5485498390406148736,,0.35458333,,Carina near moving group,200,Bouma_2024,Bouma,2024,TIC-294328887-1-FFI-30min,TIC-294328887-2-FFI-30min,TIC-294328887-3-FFI-30min,TIC-294328887-4-FFI-30min,TIC-294328887-5-SPOC-120,TIC-294328887-6-FFI-30min,TIC-294328887-7-FFI-30min,TIC-294328887-8-FFI-30min,TIC-294328887-9-FFI-30min,TIC-294328887-10-FFI-30min,TIC-294328887-11-FFI-30min,TIC-294328887-12-FFI-30min,TIC-294328887-13-FFI-30min,,,,,,,,,,,,,,TIC-294328887-27-FFI-10min,TIC-294328887-28-FFI-10min,TIC-294328887-29-FFI-10min,TIC-294328887-30-FFI-10min,TIC-294328887-31-FFI-10min,TIC-294328887-32-SPOC-120,TIC-294328887-33-SPOC-120,TIC-294328887-34-SPOC-120,TIC-294328887-35-SPOC-120,TIC-294328887-36-SPOC-120,TIC-294328887-37-SPOC-120,TIC-294328887-38-SPOC-120,TIC-294328887-39-SPOC-120,,,,,,,,,,,,,,,,,,,,,,TIC-294328887-61-FFI-200s,TIC-294328887-62-FFI-200s,TIC-294328887-63-FFI-200s,TIC-294328887-64-FFI-200s,TIC-294328887-65-FFI-200s,TIC-294328887-66-FFI-200s,TIC-294328887-67-FFI-200s,TIC-294328887-68-FFI-200s,TIC-294328887-69-FFI-200s,,,,,,,,,,,,,,,,,,TIC-294328887-87-SPOC-120,TIC-294328887-88-SPOC-120,TIC-294328887-89-SPOC-120,TIC-294328887-90-SPOC-120,,,TIC-294328887-93-SPOC-120,TIC-294328887-94-SPOC-120,TIC-294328887-95-SPOC-120,TIC-294328887-96-SPOC-120,TIC-294328887-97-FFI-200s,,,,,,,,,,,,,,,,,
111,363963079,5506029021277336576,,0.32583333,0.30875,Argus,45,Bouma_2024,Bouma,2024,,,,,,,TIC-363963079-7-SPOC-120,TIC-363963079-8-SPOC-120,,,,,,,,,,,,,,,,,,,,,,,,,TIC-363963079-33-SPOC-120,TIC-363963079-34-SPOC-120,TIC-363963079-35-SPOC-120,,,,,,,,,,,,,,,,,,,,,,,,,,TIC-363963079-61-FFI-200s,TIC-363963079-62-FFI-200s,,,,,,,,,,,,,,,,,,,,,,,,,TIC-363963079-87-SPOC-120,TIC-363963079-88-FFI-200s,TIC-363963079-89-SPOC-120,,,,,,,,,,,,,,,,,,,,,,,,,
112,402980664,565706429072383232,,0.77333333,,Columba,42,Bouma_2024,Bouma,2024,,,,,,,,,,,,,,,,,,TIC-402980664-18-SPOC-120,TIC-402980664-19-SPOC-120,,,,,,TIC-402980664-25-SPOC-120,TIC-402980664-26-SPOC-120,,,,,,,,,,,,,,,,,,,,,,,,,,,TIC-402980664-53-SPOC-120,,,,,TIC-402980664-58-SPOC-120,TIC-402980664-59-SPOC-120,,,,,,,,,,,,,,TIC-402980664-73-SPOC-120,,,,,TIC-402980664-78-SPOC-120,TIC-402980664-79-SPOC-120,,,,,,TIC-402980664-85-SPOC-120,TIC-402980664-86-SPOC-120,,,,,,,,,,,,,,,,,,,,,,,,,,,,
113,359892714,5841324542416019712,,0.47208333,,Epsilon Chamaeleontis,3.7,Bouma_2024,Bouma,2024,,,,,,,,,,,TIC-359892714-11-SPOC-120,TIC-359892714-12-SPOC-120,,,,,,,,,,,,,,,,,,,,,,,,,,TIC-359892714-38-SPOC-120,TIC-359892714-39-SPOC-120,,,,,,,,,,,,,,,,,,,,,,,,,TIC-359892714-64-SPOC-120,TIC-359892714-65-SPOC-120,,,,,,,,,,,,,,,,,,,,,,,,,,,,,,,,,,,,,,,,,,,,,,,,,
114,335598085,5857065971210881408,,0.66041667,0.7475,Lower Centaurus-Crux,16,Stauffer_2021,Stauffer,2021,,,,,,,,,,,TIC-335598085-11-SPOC-120,,,,,,,,,,,,,,,,,,,,,,,,,,,,,,,,,,,,,,,,,,,,,,,,,,,,,TIC-335598085-64-SPOC-120,TIC-335598085-65-SPOC-120,,,,,,,,,,,,,,,,,,,,,,,,,,,,,,,,,,,,,,,,,,,,,,,,,
115,442571495,6016421494262600960,,0.39958333,0.57583333,Upper Centaurus-Lupus,16,Bouma_2024,Bouma,2024,,,,,,,,,,,,TIC-442571495-12-SPOC-120,,,,,,,,,,,,,,,,,,,,,,,,,,TIC-442571495-38-SPOC-120,,,,,,,,,,,,,,,,,,,,,,,,,,,TIC-442571495-65-FFI-200s,,,,,,,,,,,,,,,,,,,,,,,,,,TIC-442571495-91-FFI-200s,,,,,,,,,,,,,,,,,,,,,,,
116,67897871,6041816502013814400,202724025,0.25958333,0.2795,Upper Scorpius,10,Stauffer_2017,Stauffer,2017,,,,,,,,,,,,TIC-67897871-12-SPOC-120,,,,,,,,,,,,,,,,,,,,,,,,,,,,,,,,,,,,,,,,,,,,,,,,,,,,,TIC-67897871-65-FFI-200s,,,,,,,,,,,,,,,,,,,,,,,,,,TIC-67897871-91-SPOC-120,,,,,,,,,,EPIC-202724025-2-EVEREST-1800,,,,,,,,,,,,,
117,405754448,6056695059045701120,,0.5386,5.6,Lower Centaurus-Crux,16,Rebull_2022,Rebull,2022,,,,,,,,,,,TIC-405754448-11-SPOC-120,,,,,,,,,,,,,,,,,,,,,,,,,,TIC-405754448-37-SPOC-120,TIC-405754448-38-SPOC-120,,,,,,,,,,,,,,,,,,,,,,,,,,TIC-405754448-64-FFI-200s,TIC-405754448-65-FFI-200s,,,,,,,,,,,,,,,,,,,,,,,,,,,,,,,,,,,,,,,,,,,,,,,,,
118,405910546,6061362107917642240,,1.58291667,,Lower Centaurus-Crux,16,Bouma_2024,Bouma,2024,,,,,,,,,,,TIC-405910546-11-FFI-30min,,,,,,,,,,,,,,,,,,,,,,,,,,TIC-405910546-37-SPOC-120,TIC-405910546-38-SPOC-120,,,,,,,,,,,,,,,,,,,,,,,,,,TIC-405910546-64-FFI-200s,,,,,,,,,,,,,,,,,,,,,,,,,,,,,,,,,,,,,,,,,,,,,,,,,,
119,404144841,6081328723666902912,,0.4475,,TW Hydrae association,10,Bouma_2024,Bouma,2024,,,,,,,,,,,TIC-404144841-11-SPOC-120,,,,,,,,,,,,,,,,,,,,,,,,,,TIC-404144841-37-SPOC-120,TIC-404144841-38-SPOC-120,,,,,,,,,,,,,,,,,,,,,,,,,,TIC-404144841-64-SPOC-120,,,,,,,,,,,,,,,,,,,,,,,,,,,,,,,,,,,,,,,,,,,,,,,,,,
120,312410638,6090854651891034496,,1.1673,,Upper Centaurus-Lupus,16,Rebull_2022,Rebull,2022,,,,,,,,,,,TIC-312410638-11-FFI-30min,,,,,,,,,,,,,,,,,,,,,,,,,,,TIC-312410638-38-SPOC-120,,,,,,,,,,,,,,,,,,,,,,,,,,,TIC-312410638-65-FFI-200s,,,,,,,,,,,,,,,,,,,,,,,,,,,,,,,,,,,,,,,,,,,,,,,,,
121,167664935,6104139604209342464,,0.58541667,0.44625,Upper Centaurus-Lupus,16,Bouma_2024,Bouma,2024,,,,,,,,,,,TIC-167664935-11-FFI-30min,,,,,,,,,,,,,,,,,,,,,,,,,,,TIC-167664935-38-SPOC-120,,,,,,,,,,,,,,,,,,,,,,,,,,,TIC-167664935-65-FFI-200s,,,,,,,,,,,,,,,,,,,,,,,,,,,,,,,,,,,,,,,,,,,,,,,,,
122,89026133,6205993722841260032,,0.46666667,1.15958333,Upper Centaurus-Lupus,16,Stauffer_2021,Stauffer,2021,,,,,,,,,,,TIC-89026133-11-FFI-30min,,,,,,,,,,,,,,,,,,,,,,,,,,,TIC-89026133-38-SPOC-120,,,,,,,,,,,,,,,,,,,,,,,,,,,TIC-89026133-65-FFI-200s,,,,,,,,,,,,,,,,,,,,,,,,,,,,,,,,,,,,,,,,,,,,,,,,,
123,272248916,6207141200664109184,,0.37083333,2.1125,Upper Centaurus-Lupus,16,Bouma_2024,Bouma,2024,,,,,,,,,,,TIC-272248916-11-SPOC-120,,,,,,,,,,,,,,,,,,,,,,,,,,,TIC-272248916-38-SPOC-120,,,,,,,,,,,,,,,,,,,,,,,,,,,TIC-272248916-65-FFI-200s,,,,,,,,,,,,,,,,,,,,,,,,,,,,,,,,,,,,,,,,,,,,,,,,,
124,440725886,63661521387693824,,0.16333333,,Pleiades,112,Bouma_2024,Bouma,2024,,,,,,,,,,,,,,,,,,,,,,,,,,,,,,,,,,,,,,,,,,TIC-440725886-42-SPOC-120,TIC-440725886-43-SPOC-120,TIC-440725886-44-SPOC-120,,,,,,,,,,,,,,,,,,,,,,,,,,TIC-440725886-70-SPOC-120,TIC-440725886-71-SPOC-120,,,,,,,,,,,,,,,,,,,,,,,,,,,,,,,,,,,,,,,,,,,
125,234295610,6485423779719878016,,0.76208333,,Tucana-Horologium,40,Zhan_2019,Zhan,2019,TIC-234295610-1-SPOC-120,,,,,,,,,,,,,,,,,,,,,,,,,,,TIC-234295610-28-SPOC-120,,,,,,,,,,,,,,,,,,,,,,,,,,,,,,,,,,,,,,,,TIC-234295610-68-FFI-200s,,,,,,,,,,,,,,,,,,,,,,,,,,,TIC-234295610-95-SPOC-120,,,,,,,,,,,,,,,,,,,
126,224283342,6534521406305916928,,0.8875,,Columba,42,Zhan_2019,Zhan,2019,,TIC-224283342-2-SPOC-120,,,,,,,,,,,,,,,,,,,,,,,,,,,TIC-224283342-29-SPOC-120,,,,,,,,,,,,,,,,,,,,,,,,,,,,,,,,,,,,,,,,TIC-224283342-69-SPOC-120,,,,,,,,,,,,,,,,,,,,,,,,,,,TIC-224283342-96-SPOC-120,,,,,,,,,,,,,,,,,,
127,289840926,6801191424589717888,,0.2,0.65166667,Beta Pic moving group,24,Guenther_2022,Guenther,2022,TIC-289840926-1-SPOC-120,,,,,,,,,,,,,,,,,,,,,,,,,,,TIC-289840926-28-SPOC-120,,,,,,,,,,,,,,,,,,,,,,,,,,,,,,,,,,,,,,,,TIC-289840926-68-FFI-200s,,,,,,,,,,,,,,,,,,,,,,,,TIC-289840926-92-SPOC-120,,,TIC-289840926-95-SPOC-120,,,,,,,,,,,,,,,,,,,
128,141146667,860453786736413568,,0.16375,,Field,,Bouma_2024,Bouma,2024,,,,,,,,,,,,,,TIC-141146667-14-FFI-30min,TIC-141146667-15-FFI-30min,,,,,,TIC-141146667-21-FFI-30min,,,,,,,,,,,,,,,,,,,,TIC-141146667-41-SPOC-120,,,,,,,TIC-141146667-48-SPOC-120,,,,,,,,,,,,,,,,,,,,,,,,,,,TIC-141146667-75-SPOC-120,,,,,,,,,,,,,,,,,,,,,,,,,,,,,,,,,,,,,,,
129,12779416,,204364515,1.456,3.0863,Upper Scorpius,10,Stauffer_2017,Stauffer,2017,,,,,,,,,,,,,,,,,,,,,,,,,,,,,,,,,,,,,,,,,,,,,,,,,,,,,,,,,,,,,,,,,,,,,,,,,,,,,,,,,,,,,,,,,,,TIC-12779416-91-FFI-200s,,,,,,,,,,EPIC-204364515-2-EVEREST-1800,,,,,,,,,,,,,EPIC-204364515-15-EVEREST-1800
130,68045555,6049821633855485440,203849738,0.619,,Upper Scorpius,10,Stauffer_2017,Stauffer,2017,,,,,,,,,,,,,,,,,,,,,,,,,,,,,,,,,,,,,,,,,,,,,,,,,,,,,,,,,,,,,,,,,,,,,,,,,,,,,,,,,,,,,,,,,,,TIC-68045555-91-SPOC-120,,,,,,,,,,EPIC-203849738-2-EVEREST-1800,,,,,,,,,,,,,
131,68131578,6049554108931809152,203692610,1.821,,Upper Scorpius,10,Stauffer_2017,Stauffer,2017,,,,,,,,,,,,,,,,,,,,,,,,,,,,,,,,,,,,,,,,,,,,,,,,,,,,,,,,,,,,,,,,,,,,,,,,,,,,,,,,,,,,,,,,,,,TIC-68131578-91-SPOC-120,,,,,,,,,,EPIC-203692610-2-EVEREST-1800,,,,,,,,,,,,,
132,49165224,6249001841715440512,205374937,0.6345,0.5436,Upper Scorpius,10,Stauffer_2017,Stauffer,2017,,,,,,,,,,,,,,,,,,,,,,,,,,,,,,,,,,,,,,,,,,,,,,,,,,,,,,,,,,,,,,,,,,,,,,,,,,,,,,,,,,,,,,,,,,,TIC-49165224-91-SPOC-120,,,,,,,,,,EPIC-205374937-2-EVEREST-1800,,,,,,,,,,,,,
133,391993423,6039044255241799808,202873945,0.6258,,Upper Scorpius,10,Stauffer_2017,Stauffer,2017,,,,,,,,,,,,TIC-391993423-12-FFI-30min,,,,,,,,,,,,,,,,,,,,,,,,,,,TIC-391993423-39-FFI-10min,,,,,,,,,,,,,,,,,,,,,,,,,,,,,,,,,,,,,,,,,,,,,,,,,,,,TIC-391993423-91-SPOC-120,,,,,,,,,,EPIC-202873945-2-EVEREST-1800,,,,,,,,,,,,,
134,203444707,6051728977289000064,204296148,0.5314,0.4717,Upper Scorpius,10,Stauffer_2017,Stauffer,2017,,,,,,,,,,,,,,,,,,,,,,,,,,,,,,,,,,,,,,,,,,,,,,,,,,,,,,,,,,,,,,,,,,,,,,,,,,,,,,,,,,,,,,,,,,,TIC-203444707-91-SPOC-120,,,,,,,,,,EPIC-204296148-2-EVEREST-1800,,,,,,,,,,,,,
135,175597010,6049165500286247040,203962559,1.5402,,Upper Scorpius,10,Stauffer_2017,Stauffer,2017,,,,,,,,,,,,,,,,,,,,,,,,,,,,,,,,,,,,,,,,,,,,,,,,,,,,,,,,,,,,,,,,,,,,,,,,,,,,,,,,,,,,,,,,,,,TIC-175597010-91-SPOC-120,,,,,,,,,,EPIC-203962559-2-EVEREST-1800,,,,,,,,,,,,,
136,175861088,6049107020011536000,203927435,0.482,0.4162,Upper Scorpius,10,Stauffer_2017,Stauffer,2017,,,,,,,,,,,,,,,,,,,,,,,,,,,,,,,,,,,,,,,,,,,,,,,,,,,,,,,,,,,,,,,,,,,,,,,,,,,,,,,,,,,,,,,,,,,TIC-175861088-91-SPOC-120,,,,,,,,,,EPIC-203927435-2-EVEREST-1800,,,,,,,,,,,,,
137,49040989,6245669050173377280,205024957,1.6656,,Upper Scorpius,10,Stauffer_2017,Stauffer,2017,,,,,,,,,,,,,,,,,,,,,,,,,,,,,,,,,,,,,,,,,,,,,,,,,,,,,,,,,,,,,,,,,,,,,,,,,,,,,,,,,,,,,,,,,,,TIC-49040989-91-FFI-200s,,,,,,,,,,EPIC-205024957-2-EVEREST-1800,,,,,,,,,,,,,
138,49040871,,205046529,1.8358,2.5619,Upper Scorpius,10,Stauffer_2017,Stauffer,2017,,,,,,,,,,,,,,,,,,,,,,,,,,,,,,,,,,,,,,,,,,,,,,,,,,,,,,,,,,,,,,,,,,,,,,,,,,,,,,,,,,,,,,,,,,,TIC-49040871-91-FFI-200s,,,,,,,,,,EPIC-205046529-2-EVEREST-1800,,,,,,,,,,,,,
139,49585759,6050333112920811776,204143627,1.125,,Upper Scorpius,10,Stauffer_2017,Stauffer,2017,,,,,,,,,,,,,,,,,,,,,,,,,,,,,,,,,,,,,,,,,,,,,,,,,,,,,,,,,,,,,,,,,,,,,,,,,,,,,,,,,,,,,,,,,,,TIC-49585759-91-SPOC-120,,,,,,,,,,EPIC-204143627-2-EVEREST-1800,,,,,,,,,,,,,
140,413551134,4324709330348851968,205483258,5.667,,Upper Scorpius,10,Stauffer_2017,Stauffer,2017,,,,,,,,,,,,,,,,,,,,,,,,,,,,,,,,,,,,,,,,,,,,,,,,,,,,,,,,,,,,,,,,,,,,,,,,,,,,,,,,,,,,,,,,,,,TIC-413551134-91-SPOC-120,,,,,,,,,,EPIC-205483258-2-EVEREST-1800,,,,,,,,,,,,,
141,220604303,6246938127111232640,204882444,0.3829,,Upper Scorpius,10,Rebull_2018,Rebull,2018,,,,,,,,,,,,,,,,,,,,,,,,,,,,,,,,,,,,,,,,,,,,,,,,,,,,,,,,,,,,,,,,,,,,,,,,,,,,,,,,,,,,,,,,,,,TIC-220604303-91-SPOC-120,,,,,,,,,,EPIC-204882444-2-EVEREST-1800,,,,,,,,,,,,,
142,280160269,6246710012810366976,204787516,0.4868,,Upper Scorpius,10,Rebull_2018,Rebull,2018,,,,,,,,,,,,,,,,,,,,,,,,,,,,,,,,,,,,,,,,,,,,,,,,,,,,,,,,,,,,,,,,,,,,,,,,,,,,,,,,,,,,,,,,,,,TIC-280160269-91-FFI-200s,,,,,,,,,,EPIC-204787516-2-EVEREST-1800,,,,,,,,,,,,,
143,12776845,6237180545533200640,204270520,0.5123,,Upper Scorpius,10,Rebull_2018,Rebull,2018,,,,,,,,,,,,,,,,,,,,,,,,,,,,,,,,,,,,,,,,,,,,,,,,,,,,,,,,,,,,,,,,,,,,,,,,,,,,,,,,,,,,,,,,,,,TIC-12776845-91-SPOC-120,,,,,,,,,,EPIC-204270520-2-EVEREST-1800,,,,,,,,,,,,,EPIC-204270520-15-EVEREST-1800
144,49035618,6243897874380625792,204783273,1.1105,,Upper Scorpius,10,Rebull_2018,Rebull,2018,,,,,,,,,,,,,,,,,,,,,,,,,,,,,,,,,,,,,,,,,,,,,,,,,,,,,,,,,,,,,,,,,,,,,,,,,,,,,,,,,,,,,,,,,,,TIC-49035618-91-FFI-200s,,,,,,,,,,EPIC-204783273-2-EVEREST-1800,,,,,,,,,,,,,
145,68167990,6049537169580902272,203645396,0.6287,0.4928,Upper Scorpius,10,Rebull_2018,Rebull,2018,,,,,,,,,,,,,,,,,,,,,,,,,,,,,,,,,,,,,,,,,,,,,,,,,,,,,,,,,,,,,,,,,,,,,,,,,,,,,,,,,,,,,,,,,,,TIC-68167990-91-FFI-200s,,,,,,,,,,EPIC-203645396-2-EVEREST-1800,,,,,,,,,,,,,
146,49691316,6050308923664895360,204082531,0.6513,0.4256,Upper Scorpius,10,Rebull_2018,Rebull,2018,,,,,,,,,,,,,,,,,,,,,,,,,,,,,,,,,,,,,,,,,,,,,,,,,,,,,,,,,,,,,,,,,,,,,,,,,,,,,,,,,,,,,,,,,,,TIC-49691316-91-SPOC-120,,,,,,,,,,EPIC-204082531-2-EVEREST-1800,,,,,,,,,,,,,
147,202876323,6051788728874166528,204321142,0.4763,,Upper Scorpius,10,Rebull_2018,Rebull,2018,,,,,,,,,,,,,,,,,,,,,,,,,,,,,,,,,,,,,,,,,,,,,,,,,,,,,,,,,,,,,,,,,,,,,,,,,,,,,,,,,,,,,,,,,,,TIC-202876323-91-SPOC-120,,,,,,,,,,EPIC-204321142-2-EVEREST-1800,,,,,,,,,,,,,
148,175744495,6050656781651004160,203956650,0.6752,1.5052,Rho Ophiuchi,1,Rebull_2018,Rebull,2018,,,,,,,,,,,,,,,,,,,,,,,,,,,,,,,,,,,,,,,,,,,,,,,,,,,,,,,,,,,,,,,,,,,,,,,,,,,,,,,,,,,,,,,,,,,TIC-175744495-91-FFI-200s,,,,,,,,,,EPIC-203956650-2-EVEREST-1800,,,,,,,,,,,,,
149,205106701,6044015868868398976,202687442,0.5727,,Upper Scorpius,10,Rebull_2018,Rebull,2018,,,,,,,,,,,,TIC-205106701-12-FFI-30min,,,,,,,,,,,,,,,,,,,,,,,,,,,TIC-205106701-39-FFI-10min,,,,,,,,,,,,,,,,,,,,,,,,,,,,,,,,,,,,,,,,,,,,,,,,,,,,TIC-205106701-91-FFI-200s,,,,,,,,,,EPIC-202687442-2-EVEREST-1800,,,,,,,,,,,,,
150,73217080,4130947859386102016,204884822,0.7983,,Upper Scorpius,10,Rebull_2018,Rebull,2018,,,,,,,,,,,,,,,,,,,,,,,,,,,,,,,,,,,,,,,,,,,,,,,,,,,,,,,,,,,,,,,,,,,,,,,,,,,,,,,,,,,,,,,,,,,TIC-73217080-91-SPOC-120,,,,,,,,,,EPIC-204884822-2-EVEREST-1800,,,,,,,,,,,,,
151,289840928,6801191355870240768,,0.19916667,,Beta Pic moving group,24,Zhan_2019,Zhan,2019,TIC-289840928-1-SPOC-120,,,,,,,,,,,,,,,,,,,,,,,,,,,TIC-289840928-28-SPOC-120,,,,,,,,,,,,,,,,,,,,,,,,,,,,,,,,,,,,,,,,TIC-289840928-68-SPOC-120,,,,,,,,,,,,,,,,,,,,,,,,TIC-289840928-92-SPOC-120,,,TIC-289840928-95-SPOC-120,,,,,,,,,,,,,,,,,,,
152,92574021,5372980314662466560,,0.7844,,UCL/LCC,16,Rebull_2022,Rebull,2022,,,,,,,,,,TIC-92574021-10-FFI-30min,,,,,,,,,,,,,,,,,,,,,,,,,,,TIC-92574021-37-FFI-10min,,,,,,,,,,,,,,,,,,,,,,,,,,TIC-92574021-63-FFI-200s,TIC-92574021-64-FFI-200s,,,,,,,,,,,,,,,,,,,,,,,,,,TIC-92574021-90-FFI-200s,,,,,,,,,,,,,,,,,,,,,,,,
153,452345586,5336466353837764736,,3.0568,,UCL/LCC,16,Rebull_2022,Rebull,2022,,,,,,,,,,TIC-452345586-10-FFI-30min,TIC-452345586-11-FFI-30min,,,,,,,,,,,,,,,,,,,,,,,,,,TIC-452345586-37-FFI-10min,,,,,,,,,,,,,,,,,,,,,,,,,,,TIC-452345586-64-FFI-200s,,,,,,,,,,,,,,,,,,,,,,,,,,,,,,,,,,,,,,,,,,,,,,,,,,
154,379774242,6053207201993945728,,0.9854,,UCL/LCC,16,Rebull_2022,Rebull,2022,,,,,,,,,,,TIC-379774242-11-FFI-30min,,,,,,,,,,,,,,,,,,,,,,,,,,TIC-379774242-37-FFI-10min,TIC-379774242-38-FFI-10min,,,,,,,,,,,,,,,,,,,,,,,,,,TIC-379774242-64-FFI-200s,TIC-379774242-65-FFI-200s,,,,,,,,,,,,,,,,,,,,,,,,,,,,,,,,,,,,,,,,,,,,,,,,,
155,310412874,6053682637686389248,,0.4564,,UCL/LCC,16,Rebull_2022,Rebull,2022,,,,,,,,,,,TIC-310412874-11-FFI-30min,,,,,,,,,,,,,,,,,,,,,,,,,,TIC-310412874-37-FFI-10min,TIC-310412874-38-FFI-10min,,,,,,,,,,,,,,,,,,,,,,,,,,TIC-310412874-64-FFI-200s,TIC-310412874-65-FFI-200s,,,,,,,,,,,,,,,,,,,,,,,,,,,,,,,,,,,,,,,,,,,,,,,,,
156,311447879,5861225840401537152,,0.487,,UCL/LCC,16,Rebull_2022,Rebull,2022,,,,,,,,,,,TIC-311447879-11-FFI-30min,,,,,,,,,,,,,,,,,,,,,,,,,,TIC-311447879-37-FFI-10min,TIC-311447879-38-FFI-10min,,,,,,,,,,,,,,,,,,,,,,,,,,,,,,,,,,,,,,,,,,,,,,,,,,,,,,,,,,,,,,,,,,,,,,,,,,,,
157,311333943,6053714557884987008,,0.9197,7.6438,UCL/LCC,16,Rebull_2022,Rebull,2022,,,,,,,,,,,TIC-311333943-11-FFI-30min,,,,,,,,,,,,,,,,,,,,,,,,,,TIC-311333943-37-FFI-10min,,,,,,,,,,,,,,,,,,,,,,,,,,,TIC-311333943-64-FFI-200s,TIC-311333943-65-FFI-200s,,,,,,,,,,,,,,,,,,,,,,,,,,,,,,,,,,,,,,,,,,,,,,,,,
158,450386147,5861250373258628224,,1.625,,UCL/LCC,16,Rebull_2022,Rebull,2022,,,,,,,,,,,TIC-450386147-11-FFI-30min,,,,,,,,,,,,,,,,,,,,,,,,,,TIC-450386147-37-FFI-10min,TIC-450386147-38-FFI-10min,,,,,,,,,,,,,,,,,,,,,,,,,,TIC-450386147-64-FFI-200s,TIC-450386147-65-FFI-200s,,,,,,,,,,,,,,,,,,,,,,,,,,,,,,,,,,,,,,,,,,,,,,,,,
159,272407484,6074516458849906560,,0.4707,0.4558,UCL/LCC,16,Rebull_2022,Rebull,2022,,,,,,,,,,TIC-272407484-10-SPOC-120,TIC-272407484-11-SPOC-120,,,,,,,,,,,,,,,,,,,,,,,,,,TIC-272407484-37-FFI-10min,TIC-272407484-38-FFI-10min,,,,,,,,,,,,,,,,,,,,,,,,,,TIC-272407484-64-FFI-200s,,,,,,,,,,,,,,,,,,,,,,,,,,,,,,,,,,,,,,,,,,,,,,,,,,
160,412182239,6059728989586223232,,1.2804,,UCL/LCC,16,Rebull_2022,Rebull,2022,,,,,,,,,,,TIC-412182239-11-FFI-30min,,,,,,,,,,,,,,,,,,,,,,,,,,TIC-412182239-37-FFI-10min,TIC-412182239-38-FFI-10min,,,,,,,,,,,,,,,,,,,,,,,,,,TIC-412182239-64-FFI-200s,TIC-412182239-65-FFI-200s,,,,,,,,,,,,,,,,,,,,,,,,,,,,,,,,,,,,,,,,,,,,,,,,,
161,165912675,6079851151837148928,,0.2273,,UCL/LCC,16,Rebull_2022,Rebull,2022,,,,,,,,,,TIC-165912675-10-FFI-30min,TIC-165912675-11-FFI-30min,,,,,,,,,,,,,,,,,,,,,,,,,,TIC-165912675-37-FFI-10min,,,,,,,,,,,,,,,,,,,,,,,,,,,TIC-165912675-64-FFI-200s,,,,,,,,,,,,,,,,,,,,,,,,,,,,,,,,,,,,,,,,,,,,,,,,,,
162,412376751,6056707218046937728,,0.9418,2.8111,UCL/LCC,16,Rebull_2022,Rebull,2022,,,,,,,,,,,TIC-412376751-11-FFI-30min,,,,,,,,,,,,,,,,,,,,,,,,,,TIC-412376751-37-FFI-10min,TIC-412376751-38-FFI-10min,,,,,,,,,,,,,,,,,,,,,,,,,,TIC-412376751-64-FFI-200s,TIC-412376751-65-FFI-200s,,,,,,,,,,,,,,,,,,,,,,,,,,,,,,,,,,,,,,,,,,,,,,,,,
163,412376096,6056702824347469568,,0.7504,,UCL/LCC,16,Rebull_2022,Rebull,2022,,,,,,,,,,,TIC-412376096-11-FFI-30min,,,,,,,,,,,,,,,,,,,,,,,,,,TIC-412376096-37-FFI-10min,TIC-412376096-38-FFI-10min,,,,,,,,,,,,,,,,,,,,,,,,,,TIC-412376096-64-FFI-200s,TIC-412376096-65-FFI-200s,,,,,,,,,,,,,,,,,,,,,,,,,,,,,,,,,,,,,,,,,,,,,,,,,
164,258583707,6086566762700232960,,0.3142,8.7565,UCL/LCC,16,Rebull_2022,Rebull,2022,,,,,,,,,,,TIC-258583707-11-FFI-30min,,,,,,,,,,,,,,,,,,,,,,,,,,TIC-258583707-37-FFI-10min,,,,,,,,,,,,,,,,,,,,,,,,,,,TIC-258583707-64-FFI-200s,,,,,,,,,,,,,,,,,,,,,,,,,,,,,,,,,,,,,,,,,,,,,,,,,,
165,438709950,6083662127885920512,,1.0214,,UCL/LCC,16,Rebull_2022,Rebull,2022,,,,,,,,,,,TIC-438709950-11-FFI-30min,,,,,,,,,,,,,,,,,,,,,,,,,,TIC-438709950-37-FFI-10min,TIC-438709950-38-FFI-10min,,,,,,,,,,,,,,,,,,,,,,,,,,TIC-438709950-64-FFI-200s,,,,,,,,,,,,,,,,,,,,,,,,,,,,,,,,,,,,,,,,,,,,,,,,,,
166,241375625,6069546666301995136,,0.5183,0.5606,UCL/LCC,16,Rebull_2022,Rebull,2022,,,,,,,,,,,TIC-241375625-11-FFI-30min,,,,,,,,,,,,,,,,,,,,,,,,,,,TIC-241375625-38-FFI-10min,,,,,,,,,,,,,,,,,,,,,,,,,,TIC-241375625-64-FFI-200s,TIC-241375625-65-FFI-200s,,,,,,,,,,,,,,,,,,,,,,,,,,,,,,,,,,,,,,,,,,,,,,,,,
167,179368022,6117335633532511488,,0.1933,0.3857,UCL/LCC,16,Rebull_2022,Rebull,2022,,,,,,,,,,,TIC-179368022-11-FFI-30min,,,,,,,,,,,,,,,,,,,,,,,,,,,TIC-179368022-38-FFI-10min,,,,,,,,,,,,,,,,,,,,,,,,,,TIC-179368022-64-FFI-200s,,,,,,,,,,,,,,,,,,,,,,,,,,,,,,,,,,,,,,,,,,,,,,,,,,
168,241841997,6104539001808460928,,0.1545,0.4224,UCL/LCC,16,Rebull_2022,Rebull,2022,,,,,,,,,,,TIC-241841997-11-FFI-30min,,,,,,,,,,,,,,,,,,,,,,,,,,,TIC-241841997-38-FFI-10min,,,,,,,,,,,,,,,,,,,,,,,,,,,TIC-241841997-65-FFI-200s,,,,,,,,,,,,,,,,,,,,,,,,,,,,,,,,,,,,,,,,,,,,,,,,,
169,334325329,5906896357885973760,,1.3106,0.4346,UCL/LCC,16,Rebull_2022,Rebull,2022,,,,,,,,,,,TIC-334325329-11-FFI-30min,,,,,,,,,,,,,,,,,,,,,,,,,,,TIC-334325329-38-FFI-10min,,,,,,,,,,,,,,,,,,,,,,,,,,,TIC-334325329-65-SPOC-120,,,,,,,,,,,,,,,,,,,,,,,,,,,,,,,,,,,,,,,,,,,,,,,,,
170,334838280,5907453810283014656,,1.3868,1.5172,UCL/LCC,16,Rebull_2022,Rebull,2022,,,,,,,,,,,TIC-334838280-11-FFI-30min,,,,,,,,,,,,,,,,,,,,,,,,,,,TIC-334838280-38-FFI-10min,,,,,,,,,,,,,,,,,,,,,,,,,,,TIC-334838280-65-FFI-200s,,,,,,,,,,,,,,,,,,,,,,,,,,,,,,,,,,,,,,,,,,,,,,,,,
171,366178112,5907570633391708800,,0.3646,0.1216,UCL/LCC,16,Rebull_2022,Rebull,2022,,,,,,,,,,,TIC-366178112-11-FFI-30min,,,,,,,,,,,,,,,,,,,,,,,,,,,TIC-366178112-38-FFI-10min,,,,,,,,,,,,,,,,,,,,,,,,,,,TIC-366178112-65-SPOC-120,,,,,,,,,,,,,,,,,,,,,,,,,,,,,,,,,,,,,,,,,,,,,,,,,
172,160539036,5907508197444116096,,0.6462,0.6026,UCL/LCC,16,Rebull_2022,Rebull,2022,,,,,,,,,,,TIC-160539036-11-FFI-30min,,,,,,,,,,,,,,,,,,,,,,,,,,,TIC-160539036-38-FFI-10min,,,,,,,,,,,,,,,,,,,,,,,,,,,TIC-160539036-65-FFI-200s,,,,,,,,,,,,,,,,,,,,,,,,,,,,,,,,,,,,,,,,,,,,,,,,,
173,140765939,6003464844942163584,,0.8952,,UCL/LCC,16,Rebull_2022,Rebull,2022,,,,,,,,,,,TIC-140765939-11-FFI-30min,,,,,,,,,,,,,,,,,,,,,,,,,,,TIC-140765939-38-FFI-10min,,,,,,,,,,,,,,,,,,,,,,,,,,,TIC-140765939-65-FFI-200s,,,,,,,,,,,,,,,,,,,,,,,,,,,,,,,,,,,,,,,,,,,,,,,,,
174,76698847,6207532832961460608,,0.7473,,UCL/LCC,16,Rebull_2022,Rebull,2022,,,,,,,,,,,TIC-76698847-11-FFI-30min,,,,,,,,,,,,,,,,,,,,,,,,,,,TIC-76698847-38-FFI-10min,,,,,,,,,,,,,,,,,,,,,,,,,,,TIC-76698847-65-FFI-200s,,,,,,,,,,,,,,,,,,,,,,,,,,,,,,,,,,,,,,,,,,,,,,,,,
175,173267960,6002137188957931008,,0.6336,0.1962,UCL/LCC,16,Rebull_2022,Rebull,2022,,,,,,,,,,,,TIC-173267960-12-FFI-30min,,,,,,,,,,,,,,,,,,,,,,,,,,TIC-173267960-38-FFI-10min,,,,,,,,,,,,,,,,,,,,,,,,,,,TIC-173267960-65-FFI-200s,,,,,,,,,,,,,,,,,,,,,,,,,,,,,,,,,,,,,,,,,,,,,,,,,
176,179357494,5995830115391559424,,0.4067,0.0814,UCL/LCC,16,Rebull_2022,Rebull,2022,,,,,,,,,,,,TIC-179357494-12-FFI-30min,,,,,,,,,,,,,,,,,,,,,,,,,,TIC-179357494-38-FFI-10min,,,,,,,,,,,,,,,,,,,,,,,,,,,TIC-179357494-65-FFI-200s,,,,,,,,,,,,,,,,,,,,,,,,,,,,,,,,,,,,,,,,,,,,,,,,,
177,442575691,6016521378023539456,,0.4291,0.4145,UCL/LCC,16,Rebull_2022,Rebull,2022,,,,,,,,,,,,TIC-442575691-12-FFI-30min,,,,,,,,,,,,,,,,,,,,,,,,,,TIC-442575691-38-FFI-10min,,,,,,,,,,,,,,,,,,,,,,,,,,,TIC-442575691-65-FFI-200s,,,,,,,,,,,,,,,,,,,,,,,,,,TIC-442575691-91-FFI-200s,,,,,,,,,,,,,,,,,,,,,,,
178,84187344,5969054327225266688,,3.9769,0.1817,UCL/LCC,16,Rebull_2022,Rebull,2022,,,,,,,,,,,,TIC-84187344-12-FFI-30min,,,,,,,,,,,,,,,,,,,,,,,,,,,TIC-84187344-39-FFI-10min,,,,,,,,,,,,,,,,,,,,,,,,,,,TIC-84187344-66-FFI-200s,,,,,,,,,,,,,,,,,,,,,,,,,,,TIC-84187344-93-FFI-200s,,,,,,,,,,,,,,,,,,,,,
179,85125492,5969505470595968000,,0.7574,,UCL/LCC,16,Rebull_2022,Rebull,2022,,,,,,,,,,,,TIC-85125492-12-FFI-30min,,,,,,,,,,,,,,,,,,,,,,,,,,,TIC-85125492-39-FFI-10min,,,,,,,,,,,,,,,,,,,,,,,,,,,TIC-85125492-66-FFI-200s,,,,,,,,,,,,,,,,,,,,,,,,,,,TIC-85125492-93-SPOC-120,,,,,,,,,,,,,,,,,,,,,
180,85356121,6019068396739406848,,1.4422,0.1488,UCL/LCC,16,Rebull_2022,Rebull,2022,,,,,,,,,,,,TIC-85356121-12-FFI-30min,,,,,,,,,,,,,,,,,,,,,,,,,,,TIC-85356121-39-FFI-10min,,,,,,,,,,,,,,,,,,,,,,,,,,,TIC-85356121-66-FFI-200s,,,,,,,,,,,,,,,,,,,,,,,,,,,TIC-85356121-93-FFI-200s,,,,,,,,,,,,,,,,,,,,,
181,97239026,6027177088840456448,,0.2633,,UCL/LCC,16,Rebull_2022,Rebull,2022,,,,,,,,,,,,TIC-97239026-12-FFI-30min,,,,,,,,,,,,,,,,,,,,,,,,,,,TIC-97239026-39-FFI-10min,,,,,,,,,,,,,,,,,,,,,,,,,,,TIC-97239026-66-FFI-200s,,,,,,,,,,,,,,,,,,,,,,,,,TIC-97239026-91-SPOC-120,,TIC-97239026-93-SPOC-120,,,,,,,,,,,,,,,,,,,,,
182,337243787,5971281937775791360,,0.6297,0.4278,UCL/LCC,16,Rebull_2022,Rebull,2022,,,,,,,,,,,,TIC-337243787-12-FFI-30min,,,,,,,,,,,,,,,,,,,,,,,,,,,TIC-337243787-39-FFI-10min,,,,,,,,,,,,,,,,,,,,,,,,,,,TIC-337243787-66-FFI-200s,,,,,,,,,,,,,,,,,,,,,,,,,,,TIC-337243787-93-SPOC-120,,,,,,,,,,,,,,,,,,,,,
183,65347864,5070527824315406976,,0.32008,,Tucana-Horologium,40,Popinchalk_2023,Popinchalk,2023,,,TIC-65347864-3-SPOC-120,TIC-65347864-4-SPOC-120,,,,,,,,,,,,,,,,,,,,,,,,,,TIC-65347864-30-FFI-10min,TIC-65347864-31-FFI-10min,,,,,,,,,,,,,,,,,,,,,,,,,,,,,,,,,,,,,,,,,,,,,,,,,,,,,,,,,,,,,,,,,,TIC-65347864-97-FFI-200s,,,,,,,,,,,,,,,,,
197,160329609,2886233695250041216,,1.01291667,,Argus,45,Bouma_2024,Bouma,2024,,,,,,TIC-160329609-6-SPOC-120,,,,,,,,,,,,,,,,,,,,,,,,,,TIC-160329609-32-SPOC-120,TIC-160329609-33-SPOC-120,,,,,,,,,,,,,,,,,,,,,,,,,,,,,,,,,,,,,,,,,,,,,,,,,,,,,,TIC-160329609-87-SPOC-120,,,,,,,,,,,,,,,,,,,,,,,,,,,
198,148646689,6007250261617947776,,0.44291667,0.55708333,Upper Centaurus-Lupus,16,Bouma_2024,Bouma,2024,,,,,,,,,,,TIC-148646689-11-SPOC-120,,,,,,,,,,,,,,,,,,,,,,,,,,,TIC-148646689-38-SPOC-120,,,,,,,,,,,,,,,,,,,,,,,,,,,TIC-148646689-65-FFI-200s,,,,,,,,,,,,,,,,,,,,,,,,,,,,,,,,,,,,,,,,,,,,,,,,,
199,245834739,3309335218545766784,,0.43625,0.41083333,Taurus,2,Bouma_2024,Bouma,2024,,,,,TIC-245834739-5-FFI-30min,,,,,,,,,,,,,,,,,,,,,,,,,,,TIC-245834739-32-FFI-10min,,,,,,,,,,,TIC-245834739-43-SPOC-120,TIC-245834739-44-SPOC-120,,,,,,,,,,,,,,,,,,,,,,,,,,TIC-245834739-70-SPOC-120,TIC-245834739-71-SPOC-120,,,,,,,,,,,,,,,,,,,,,,,,,,,,,,,,,,,,,,,,,,,
200,125843782,151499478104075008,248131102,1.84041667,,Taurus,2,Bouma_2024,Bouma,2024,,,,,,,,,,,,,,,,,,,,,,,,,,,,,,,,,,,,,,,,,,,TIC-125843782-43-SPOC-120,TIC-125843782-44-SPOC-120,,,,,,,,,,,,,,,,,,,,,,,,,,TIC-125843782-70-SPOC-120,TIC-125843782-71-SPOC-120,,,,,,,,,,,,,,,,,,,,,,,,,,,,,,,,,,,,,,,,,EPIC-248131102-13-EVEREST-1800,,
201,244161191,2431769083806305152,60019763,0.29875,0.34958333,Columba,42,Bouma_2024,Bouma,2024,,,TIC-244161191-3-SPOC-120,,,,,,,,,,,,,,,,,,,,,,,,,,,TIC-244161191-30-SPOC-120,,,,,,,,,,,,TIC-244161191-42-FFI-10min,,,,,,,,,,,,,,,,,,,,,,,,,,,,TIC-244161191-70-SPOC-120,,,,,,,,,,,,,,,,,,,,,,,,,,,,,,,,,,,,,,,,,,,,
202,231058925,4719413251435732608,,0.36958333,,Tucana-Horologium,40,Bouma_2024,Bouma,2024,,TIC-231058925-2-SPOC-120,TIC-231058925-3-SPOC-120,,,,,,,,,,,,,,,,,,,,,,,,,,TIC-231058925-29-SPOC-120,TIC-231058925-30-SPOC-120,,,,,,,,,,,,,,,,,,,,,,,,,,,,,,,,,,,,,,,TIC-231058925-69-SPOC-120,,,,,,,,,,,,,,,,,,,,,,,,,,,TIC-231058925-96-SPOC-120,,,,,,,,,,,,,,,,,,
203,301676454,3795298673460008064,,0.3825,,Argus,45,Bouma_2024,Bouma,2024,,,,,,,,,,,,,,,,,,,,,,,,,,,,,,,,,,,,,,,,,,,,,,TIC-301676454-46-SPOC-120,,,,,,,,,,,,,,,,,,,,,,,,,,TIC-301676454-72-FFI-200s,,,,,,,,,,,,,,,,,,,,,,,,,,,,,,,,,,,,,,,,,,
204,58084670,2034818379464853376,,0.465,,Field,,Bouma_2024,Bouma,2024,,,,,,,,,,,,,,TIC-58084670-14-FFI-30min,,,,,,,,,,,,,,,,,,,,,,,,,,,TIC-58084670-41-SPOC-120,,,,,,,,,,,,,TIC-58084670-54-SPOC-120,TIC-58084670-55-SPOC-120,,,,,,,,,,,,,,,,,,,TIC-58084670-74-SPOC-120,TIC-58084670-75-SPOC-120,,,,,,TIC-58084670-81-SPOC-120,,,,,,,,,,,,,,,,,,,,,,,,,,,,,,,,,
205,67745212,3191994547355916288,,0.21333333,,Columba,42,Bouma_2024,Bouma,2024,,,,,TIC-67745212-5-FFI-30min,,,,,,,,,,,,,,,,,,,,,,,,,,,TIC-67745212-32-SPOC-120,,,,,,,,,,,,,,,,,,,,,,,,,,,,,,,,,,,,,,,,,,,,,,,,,,,,,,,,,,,,,,,,,,,,,,,,,,,,,,,,,,
206,5714469,3493814268751183744,,0.43125,,Upper Centaurus-Lupus,16,Bouma_2024,Bouma,2024,,,,,,,,,,TIC-5714469-10-SPOC-120,,,,,,,,,,,,,,,,,,,,,,,,,,TIC-5714469-36-FFI-10min,,,,,,,,,,,,,,,,,,,,,,,,,,,TIC-5714469-63-FFI-200s,,,,,,,,,,,,,,,,,,,,,,,,,,,TIC-5714469-90-SPOC-120,,,,,,,,,,,,,,,,,,,,,,,,
207,259586708,4784133288986121728,,0.93833333,,Columba,42,Bouma_2024,Bouma,2024,,,TIC-259586708-3-SPOC-120,TIC-259586708-4-SPOC-120,TIC-259586708-5-SPOC-120,TIC-259586708-6-SPOC-120,,,,,,,,,,,,,,,,,,,,,,,,TIC-259586708-30-SPOC-120,TIC-259586708-31-SPOC-120,TIC-259586708-32-SPOC-120,,,,,,,,,,,,,,,,,,,,,,,,,,,,,,,,,,,,,,,,,,,,,,,,,,,,,,,,,,,,,,,,,TIC-259586708-97-FFI-200s,,,,,,,,,,,,,,,,,
208,245902096,3309889784723415168,246776923,0.6375,0.5551,Taurus Foreground,30,Rebull_2020,Rebull,2020,,,,,TIC-245902096-5-FFI-30min,,,,,,,,,,,,,,,,,,,,,,,,,,,TIC-245902096-32-FFI-10min,,,,,,,,,,,TIC-245902096-43-SPOC-120,TIC-245902096-44-SPOC-120,,,,,,,,,,,,,,,,,,,,,,,,,,TIC-245902096-70-FFI-200s,TIC-245902096-71-FFI-200s,,,,,,,,,,,,,,,,,,,,,,,,,,,,,,,,,,,,,,,,,EPIC-246776923-13-EVEREST-1800,,
209,245874053,,246938594,1.0839,,Taurus,2,Rebull_2020,Rebull,2020,,,,,,,,,,,,,,,,,,,,,,,,,,,,,,,,,,,,,,,,,,,TIC-245874053-43-SPOC-120,TIC-245874053-44-SPOC-120,,,,,,,,,,,,,,,,,,,,,,,,,,TIC-245874053-70-SPOC-120,TIC-245874053-71-SPOC-120,,,,,,,,,,,,,,,,,,,,,,,,,,,,,,,,,,,,,,,,,EPIC-246938594-13-EVEREST-1800,,
210,245868207,3313414750283302400,246969828,1.0063,1.2995,Taurus,2,Rebull_2020,Rebull,2020,,,,,,,,,,,,,,,,,,,,,,,,,,,,,,,,,,,,,,,,,,,TIC-245868207-43-SPOC-120,TIC-245868207-44-SPOC-120,,,,,,,,,,,,,,,,,,,,,,,,,,TIC-245868207-70-SPOC-120,TIC-245868207-71-SPOC-120,,,,,,,,,,,,,,,,,,,,,,,,,,,,,,,,,,,,,,,,,EPIC-246969828-13-EVEREST-1800,,
211,268324578,147799209159857280,247794636,1.7211,2.6225,Taurus,2,Rebull_2020,Rebull,2020,,,,,,,,,,,,,,,,,,,,,,,,,,,,,,,,,,,,,,,,,,,TIC-268324578-43-SPOC-120,TIC-268324578-44-SPOC-120,,,,,,,,,,,,,,,,,,,,,,,,,,TIC-268324578-70-FFI-200s,TIC-268324578-71-FFI-200s,,,,,,,,,,,,,,,,,,,,,,,,,,,,,,,,,,,,,,,,,EPIC-247794636-13-EVEREST-1800,,